video,source_file,frame,time_s,x_px,y_px,area_px2,x_mm,y_mm,radius_px,radius_mm
3,20260609_152034.mp4,0,0.0,1103.940816103271,346.25019144513726,1523.5,15.802345972324433,15.75700313663739,138.55613185662244,22.31585279744063
3,20260609_152034.mp4,1,0.03370867446393762,1107.5944947969117,349.61161463578384,1489.5,16.39080752075165,15.215612264164163,138.858532198415,22.364557401292604
3,20260609_152034.mp4,2,0.06741734892787524,1111.3393289519197,353.3603136169722,1445.5,16.993950569234435,14.611846746715386,139.15346776954337,22.412059729062843
3,20260609_152034.mp4,3,0.10112602339181287,1114.312407596952,357.6491527351302,1465.5,17.472794663023155,13.921086250227514,138.708781646233,22.340438574979764
3,20260609_152034.mp4,4,0.13483469785575047,1116.7900315741992,361.58852052322953,1478.0,17.87184082014938,13.286611611709361,138.26918561661483,22.26963723146759
3,20260609_152034.mp4,5,0.1685433723196881,1118.9411475611253,366.01609534340827,1356.5,18.21829959516871,12.57350634085057,137.43903008865908,22.135932368950122
3,20260609_152034.mp4,6,0.20225204678362574,1117.059758423395,370.1048951048951,786.5,17.91528303076476,11.91496418632528,133.5878585018308,21.515662612009457
3,20260609_152034.mp4,7,0.23596072124756334,1115.5482093663911,376.09779614325066,484.0,17.671832915636603,10.949747449905686,129.07732154793402,20.789195458576394
3,20260609_152034.mp4,8,0.26966939571150095,1118.692619626926,379.03041362530416,411.0,18.17827168213934,10.477420031668952,130.271691851686,20.981560758668234
3,20260609_152034.mp4,9,0.3033780701754386,1120.7169934640522,370.9843137254902,255.0,18.504317364498927,11.773325009324893,136.17401892795718,21.932189651315976
3,20260609_152034.mp4,10,0.3370867446393762,1121.2723214285713,372.3824404761904,112.0,18.593758495284362,11.548142692651417,135.9000641416942,21.888066489089386
3,20260609_152034.mp4,11,0.3707954191033138,1128.873015873016,377.7261904761905,42.0,19.817926463224374,10.687478232779482,139.79911459303543,22.51604761670894
3,20260609_152034.mp4,14,0.4719214424951267,1131.8997821350763,392.11328976034855,76.5,20.305417485464332,8.37029179357037,136.36508937485834,21.96296346052855
3,20260609_152034.mp4,16,0.5393387914230019,1134.3973333333333,400.0773333333333,62.5,20.707673121122884,7.0876028092168,135.89359431738197,21.887024459082898
3,20260609_152034.mp4,17,0.5730474658869396,1139.5,402.5,35.0,21.529508695499146,6.697408077405538,139.992369201172,22.547173206964775
3,20260609_152034.mp4,18,0.6067561403508772,1124.6309523809523,431.98214285714283,56.0,19.13469964981818,1.949013680584989,119.41948655858128,19.23370440180101
3,20260609_152034.mp4,20,0.6741734892787524,1142.3709273182956,419.4761904761904,66.5,21.991900294981235,3.963222569686544,138.74429756126594,22.34615876881905
3,20260609_152034.mp4,21,0.7078821637426901,1142.5,430.5,65.0,22.01268874314654,2.1877276326964967,137.34715580361544,22.121135095141803
3,20260609_152034.mp4,22,0.7415908382066276,1133.5361552028219,442.6296296296296,189.0,20.568971757745075,0.234129291899923,127.7182552548514,20.570304219827182
3,20260609_152034.mp4,23,0.7752995126705653,1135.6868131868132,447.78693528693526,273.0,20.915356766804468,-0.5965064391764543,129.91344320680517,20.923861226233853
3,20260609_152034.mp4,24,0.809008187134503,1133.4701754385965,456.6261208576998,427.5,20.55834505587101,-2.0201458075918515,128.2587756556576,20.657360444165825
3,20260609_152034.mp4,25,0.8427168615984405,1135.84061302682,459.61149425287357,435.0,20.940127771478675,-2.5009700940336312,130.93845580925836,21.088949772264694
3,20260609_152034.mp4,26,0.8764255360623782,1134.893137254902,463.35130718954247,510.0,20.78752730860533,-3.103304425010975,130.49726851006423,21.017892138849344
3,20260609_152034.mp4,27,0.9101342105263158,1134.1585760517798,467.6012225818051,463.5,20.669218869563824,-3.7877958655879262,130.46952909453418,21.013424428143505
3,20260609_152034.mp4,28,0.9438428849902534,1140.7485214099834,477.147149278448,704.5,21.730595573620665,-5.325262970962092,138.91457001744286,22.37358285331525
3,20260609_152034.mp4,29,0.977551559454191,1139.148540489642,482.48187382297544,708.0,21.472902621178854,-6.18447379083226,138.74185959614846,22.345766110118507
3,20260609_152034.mp4,30,1.0112602339181287,1137.435558354324,487.801637279597,794.0,21.19700969125815,-7.041274977646689,138.6806501049176,22.335907708488705
3,20260609_152034.mp4,31,1.0449689083820664,1134.607336702227,493.84465655998497,890.5,20.741496267052273,-8.014563758924021,138.06078383471726,22.236072037165233
3,20260609_152034.mp4,32,1.0786775828460038,1132.909411172622,498.2304982385506,993.5,20.468028354286837,-8.72094748933178,138.1378577455809,22.248485562473057
3,20260609_152034.mp4,33,1.1123862573099415,1130.536344755971,502.97455867082033,963.0,20.08582223953088,-9.485025937900522,137.915939841834,22.212743461370977
3,20260609_152034.mp4,34,1.146094931773879,1130.7665270018622,509.35567970204835,716.0,20.122895395709982,-10.512769392538043,140.963025991289,22.70350720499744
3,20260609_152034.mp4,35,1.1798036062378168,1127.1756487025948,512.1003992015968,835.0,19.544548479797974,-10.954833958728234,139.11153829098956,22.40530656658102
3,20260609_152034.mp4,36,1.2135122807017544,1123.3285741481059,515.1130782410052,875.5,18.92493859095096,-11.440056092664113,137.30274097579732,22.113981642268
3,20260609_152034.mp4,37,1.247220955165692,1120.8776014109346,518.3292768959435,945.0,18.53018488297467,-11.958057099109649,136.9280658849681,22.053636466188284
3,20260609_152034.mp4,38,1.2809296296296295,1117.806898774984,524.3563829787234,1034.0,18.035617467658113,-12.92878290052749,137.78044010229976,22.190919871169523
3,20260609_152034.mp4,39,1.3146383040935672,1115.1441539578793,527.8420479302832,918.0,17.606755745124296,-13.490184152986664,137.71691125654715,22.18068791426361
3,20260609_152034.mp4,40,1.3483469785575048,1111.8737940539477,533.2845048237842,846.5,17.080031527055688,-14.36674634669357,138.57471496723934,22.318845793531736
3,20260609_152034.mp4,41,1.3820556530214425,1105.644,539.6493333333333,875.0,16.076660797782385,-15.391865727530712,138.18995615090913,22.256876532462673
3,20260609_152034.mp4,42,1.4157643274853802,1101.7940835266822,544.1113689095127,862.0,15.456593189443659,-16.110521248298305,138.6198146938042,22.326109556208564
3,20260609_152034.mp4,43,1.4494730019493178,1098.5248226950355,546.572695035461,846.0,14.930045987974708,-16.506942473235462,138.19230919667316,22.2572555140508
3,20260609_152034.mp4,44,1.4831816764132553,1094.1779641276496,552.0246913580246,715.5,14.229940878072707,-17.385041087538696,139.48971811331575,22.466216214771308
3,20260609_152034.mp4,45,1.516890350877193,1091.2934978154715,555.2855307118992,648.5,13.76536868802086,-17.910231925663915,140.25190970827788,22.58897480516139
3,20260609_152034.mp4,46,1.5505990253411306,1086.645239834429,557.7579741904066,684.5,13.016720183768369,-18.308443711580804,139.4763475739653,22.46406275549117
3,20260609_152034.mp4,47,1.5843076998050682,1082.9465667915106,560.7570536828963,667.5,12.421011844731872,-18.791475502273975,139.85820788150346,22.525565182688148
3,20260609_152034.mp4,48,1.618016374269006,1079.5352641458835,563.2654867256637,621.5,11.871587386447278,-19.19548376798219,140.1335865893581,22.569917681748905
3,20260609_152034.mp4,49,1.6517250487329436,1073.428642343013,565.0771903698188,671.5,10.888054781888751,-19.48727678568414,138.59875065589523,22.322716981928398
3,20260609_152034.mp4,50,1.685433723196881,1070.2285471537807,568.9662984990088,588.5,10.372647399885587,-20.1136566027401,140.5113069192399,22.6307533240788
3,20260609_152034.mp4,51,1.7191423976608187,1065.6884353741495,570.3657142857143,612.5,9.641416924550022,-20.33904653157306,139.75241270395873,22.508525809712502
3,20260609_152034.mp4,52,1.7528510721247563,1060.2252819302387,571.9210595331759,635.5,8.76152134410539,-20.589550461831955,138.93075266382266,22.3761892305982
3,20260609_152034.mp4,53,1.786559746588694,1055.852652825836,573.4786620530565,578.0,8.057265631102164,-20.840417948422488,138.7292564820459,22.34373625236098
3,20260609_152034.mp4,54,1.8202684210526316,1050.9315654405475,575.7311092101511,584.5,7.264675218668596,-21.203197123318557,139.16048385034284,22.41318973914784
3,20260609_152034.mp4,55,1.8539770955165693,1047.0252976190475,576.95,560.0,6.635531661296636,-21.399511693290624,139.10760579474461,22.404673198673354
3,20260609_152034.mp4,56,1.8876857699805067,1042.4358974358975,578.351598173516,474.5,5.896362794907503,-21.625253117377934,139.16984569269485,22.414697557625743
3,20260609_152034.mp4,57,1.9213944444444444,1039.1280512204883,581.1348539415766,416.5,5.363601030916943,-22.07352433558674,141.03950377378678,22.71582471786119
3,20260609_152034.mp4,58,1.955103118908382,1032.6920345002536,578.5520040588533,328.5,4.327016075736136,-21.6575304924533,137.12623751705826,22.085553992400175
3,20260609_152034.mp4,59,1.9888117933723197,1026.641955835962,576.9905362776025,317.0,3.3525903099751786,-21.406040466805084,134.52742628253225,21.666989413691887
3,20260609_152034.mp4,60,2.0225204678362574,1024.2937853107344,582.361581920904,147.5,2.974393927887265,-22.271101163420674,139.5060358304477,22.468844346551744
3,20260609_152034.mp4,86,2.8989460038986357,914.7122040072859,530.8342440801457,91.5,-14.674817297271865,-13.972107312406967,125.8073147465748,20.262528111213708
3,20260609_152034.mp4,87,2.932654678362573,907.9155844155844,538.273593073593,385.0,-15.769480956658391,-15.170288979446797,135.86130193164752,21.881823446923626
3,20260609_152034.mp4,88,2.9663633528265105,904.4294003868472,533.5419084461637,517.0,-16.330965811695997,-14.40820377820221,135.21888508541113,21.77835577946563
3,20260609_152034.mp4,89,3.0000720272904484,900.809451604751,529.7030578721253,659.5,-16.91399482003413,-13.789918443777179,135.4963229260186,21.823039922480266
3,20260609_152034.mp4,90,3.033780701754386,897.7731879900554,526.2461273666092,871.5,-17.403015486040356,-13.233145161654178,135.74305372434205,21.862778388776935
3,20260609_152034.mp4,91,3.0674893762183237,895.3721064814815,520.632137345679,864.0,-17.789733711946354,-12.328955839719146,134.38684553020295,21.64434747548896
3,20260609_152034.mp4,92,3.101198050682261,892.9188422247446,516.9360575104048,881.0,-18.184856492100288,-11.733665162747023,134.3710854806695,21.641809161660795
3,20260609_152034.mp4,93,3.1349067251461986,889.4356486210419,513.7012257405515,979.0,-18.745859709234352,-11.212663106517352,135.6223019578472,21.84333010734744
3,20260609_152034.mp4,94,3.1686153996101365,887.4851161269218,509.75924108603203,1019.0,-19.060012503716603,-10.577766995452006,135.3437625935084,21.798468552903138
3,20260609_152034.mp4,95,3.202324074074074,886.0509112818195,506.02530501581566,1106.5,-19.291005558847484,-9.976379192678845,134.84407458464878,21.71798879425993
3,20260609_152034.mp4,96,3.236032748538012,884.0094299185598,502.37076725246465,1166.5,-19.619806579637846,-9.38777928247046,135.04350014019536,21.750108277403633
3,20260609_152034.mp4,97,3.2697414230019493,882.4462095875137,498.09880156075803,1196.0,-19.871578870983917,-8.699736420314844,134.6858902647378,21.69251162518271
3,20260609_152034.mp4,98,3.303450097465887,880.3092105263158,493.6602247807017,1216.0,-20.215763973721266,-7.984859173623426,134.95324618917059,21.73557197461813
3,20260609_152034.mp4,99,3.3371587719298246,877.7682657843948,488.98745519713253,1209.0,-20.62500857421154,-7.232262830278674,135.70265339016822,21.856271510313242
3,20260609_152034.mp4,100,3.370867446393762,875.7893795570229,484.13729536387393,1211.5,-20.943728021421645,-6.451096010501546,136.0657548531585,21.9147526377094
3,20260609_152034.mp4,101,3.4045761208577,874.4224743381955,479.6283090221501,1234.0,-21.163881797675824,-5.7248785986896875,136.1263354436952,21.924509748583414
3,20260609_152034.mp4,102,3.4382847953216373,873.2747237941255,474.68323901913226,1237.0,-21.348738518532834,-4.9284255454637265,136.03765117152574,21.91022625829927
3,20260609_152034.mp4,103,3.471993469785575,872.291984477452,470.0120433560819,1245.5,-21.50701852848459,-4.17608269778273,136.0282282582247,21.90870860373335
3,20260609_152034.mp4,104,3.5057021442495127,870.8547581493165,465.06585173501577,1268.0,-21.738498223720804,-3.3794489967361,136.5926426260966,21.999613190787088
3,20260609_152034.mp4,105,3.53941081871345,870.567472698908,460.221268850754,1282.0,-21.784768422926394,-2.599180400452973,136.21802314147462,21.93927697064399
3,20260609_152034.mp4,106,3.573119493177388,869.8033955417313,455.39657853810263,1286.0,-21.907830701996694,-1.8221157020693692,136.49243974896095,21.98347451380415
3,20260609_152034.mp4,107,3.6068281676413254,869.8058004343936,450.86482688130826,1304.5,-21.90744336994631,-1.0922317082506776,136.1893195980432,21.934653977483045
3,20260609_152034.mp4,108,3.6405368421052633,869.6292092319334,446.44242653550253,1321.5,-21.935885151819264,-0.37995983831658503,136.2173938671507,21.939175619711385
3,20260609_152034.mp4,109,3.6742455165692007,869.3537878787879,440.9641414141414,1320.0,-21.980244519331244,0.5023728503385138,136.50802577650472,21.9859847996479
3,20260609_152034.mp4,110,3.7079541910331386,869.6079370930089,435.51922840643806,1356.5,-21.93931124285229,1.3793306258378595,136.48718343477748,21.98262793175828
3,20260609_152034.mp4,111,3.741662865497076,869.7556874381798,430.09322453016813,1348.0,-21.915514569912418,2.2532428963282154,136.78778985769785,22.031043607008204
3,20260609_152034.mp4,112,3.7753715399610135,870.1792263250439,425.11303692539565,1327.0,-21.847299390067246,3.0553519910505305,136.96702265146922,22.059910843619683
3,20260609_152034.mp4,113,3.8090802144249514,870.7787281517293,420.6406346845171,1344.5,-21.750743616339737,3.775677166999201,137.06703195846572,22.07601834419293
3,20260609_152034.mp4,114,3.842788888888889,871.8776960784313,416.19644607843134,1360.0,-21.573743824610787,4.491458254480051,136.82058136738092,22.03632500807857
3,20260609_152034.mp4,115,3.8764975633528267,872.4074748210168,412.53694939934473,1373.5,-21.488417651915782,5.0808568477355704,137.09748978472294,22.080923882173664
3,20260609_152034.mp4,116,3.910206237816764,873.7581794035976,407.8267535916938,1380.5,-21.270873150392788,5.839481059325357,136.95434495003357,22.0578689728251
3,20260609_152034.mp4,117,3.9439149122807016,875.3212577714012,403.44392635102815,1394.0,-21.01912372364881,6.545379284317066,136.6861081488462,22.0146667493656
3,20260609_152034.mp4,118,3.9776235867446395,876.7516883743367,398.6150506512301,1382.0,-20.78873854802125,7.323118081220994,136.84876659553274,22.040864521372352
3,20260609_152034.mp4,119,4.011332261208577,878.1473087818697,394.12523607176576,1412.0,-20.563959903018095,8.046247688698847,137.10470896471242,22.08208660341743
3,20260609_152034.mp4,120,4.045040935672515,880.141456582633,389.4461951447245,1428.0,-20.242782426555163,8.799854094722814,137.04693332432055,22.072781257858296
3,20260609_152034.mp4,121,4.078749610136453,881.7831196581196,385.1565764482431,1404.0,-19.97837614554364,9.49074015010784,137.3282150767307,22.11808450136892
3,20260609_152034.mp4,122,4.11245828460039,884.0911126826968,380.81989627534176,1414.0,-19.606650752348617,10.1892059276325,137.19214280221524,22.096168698674298
3,20260609_152034.mp4,123,4.1461669590643275,885.9034602076125,377.1846597462514,1445.0,-19.314754031201147,10.774697180744315,137.32037739199492,22.116822163740895
3,20260609_152034.mp4,124,4.179875633528265,888.1984072022161,373.23118651892884,1444.0,-18.945129831800873,11.411443641527788,137.31829543771917,22.116486844152178
3,20260609_152034.mp4,125,4.213584307992202,890.7366856871135,369.1161436043747,1402.0,-18.53631465870917,12.074212518702904,137.3523413547918,22.121970280096626
3,20260609_152034.mp4,126,4.24729298245614,893.5904496340188,365.1056117113977,1434.5,-18.076687392095803,12.720148849082912,137.2382379299893,22.103592780685695
3,20260609_152034.mp4,127,4.281001656920078,896.3094223484848,361.3380681818182,1408.0,-17.638769603519926,13.326949469794874,137.26140468955867,22.107324019349882
3,20260609_152034.mp4,128,4.314710331384015,899.3630065812262,357.7918254243159,1443.5,-17.146959278496148,13.898107384641271,137.04242260305168,22.07205476101909
3,20260609_152034.mp4,129,4.348419005847953,901.7728752666442,353.83395082519365,1484.5,-16.758825789748066,14.535562730436709,137.73901065089547,22.184247243068345
3,20260609_152034.mp4,130,4.382127680311891,904.4395847912292,350.97364124096106,1429.0,-16.329325511364477,14.99624423750198,137.65409591388698,22.170570874177102
3,20260609_152034.mp4,131,4.415836354775829,907.328466327108,347.81595925297114,1472.5,-15.864042205313275,15.504820548639412,137.7287205236409,22.18258991500929
3,20260609_152034.mp4,132,4.449545029239766,910.9710884353741,343.9819727891157,1470.0,-15.277361430702118,16.122322469401134,137.90490989439743,22.210966977861663
3,20260609_152034.mp4,133,4.483253703703704,914.2083040112597,340.76425052779734,1421.0,-14.755975438635025,16.640568867914425,138.08932378087047,22.240668681345955
3,20260609_152034.mp4,134,4.516962378167642,917.8224575788634,337.8610636601754,1463.5,-14.173879807635103,17.108156190923385,137.94136037276905,22.21683769248712
3,20260609_152034.mp4,135,4.550671052631579,921.3067400275103,335.0439018798716,1454.0,-13.612701221117034,17.561888312002587,137.96059731635773,22.21993599492704
3,20260609_152034.mp4,136,4.584379727095516,925.1086907953529,332.31300268096516,1492.0,-13.000358970063944,18.001726980351872,137.86918746944863,22.20521352353205
3,20260609_152034.mp4,137,4.618088401559454,928.745255637419,329.9109176155392,1493.0,-12.414653778843173,18.388606839140415,137.75631495953712,22.187034275293005
3,20260609_152034.mp4,138,4.651797076023392,931.869821813642,327.729315628192,1468.5,-11.911411100874867,18.739975689871766,137.86875345986158,22.205143621941062
3,20260609_152034.mp4,139,4.685505750487329,935.6490142136633,325.5229252636405,1454.0,-11.30273431290454,19.095336957029353,137.7729934493366,22.189720513125007
3,20260609_152034.mp4,140,4.719214424951267,940.743711760707,322.4847042828008,1471.0,-10.482182245061328,19.584672876457837,137.92007444296124,22.2134093802942
3,20260609_152034.mp4,141,4.752923099415205,944.9434664861205,320.3326562852629,1477.0,-9.805769682283763,19.93128176112112,137.9163786319234,22.212814132909745
3,20260609_152034.mp4,142,4.786631773879142,949.1180882023729,317.9882471457354,1489.0,-9.133405042360879,20.30887233436842,138.25979527964708,22.268124823646424
3,20260609_152034.mp4,143,4.82034044834308,953.5465194109772,316.6385542168675,1494.0,-8.420161841568653,20.526253898928335,137.75096072504982,22.186171922201442
3,20260609_152034.mp4,144,4.854049122807018,957.3715080690039,315.0893711741792,1497.5,-7.804109107556629,20.77576534438856,137.7943758735512,22.19316436670861
3,20260609_152034.mp4,145,4.887757797270955,961.9358452138492,313.38085539714865,1473.0,-7.068976894514908,21.05093892257254,137.8749132972524,22.206135725449062
3,20260609_152034.mp4,146,4.921466471734893,965.6445735109896,312.04190866643887,1463.5,-6.471649056073725,21.26658970428643,138.01989639032897,22.229486704722664
3,20260609_152034.mp4,147,4.9551751461988305,971.2248295898983,310.8174097664543,1491.5,-5.572892923376474,21.463807516566007,137.6846117728719,22.175485758909883
3,20260609_152034.mp4,148,4.988883820662768,976.4730894036029,309.30468837417476,1489.5,-4.727608114425899,21.707446448032297,137.93795540992838,22.21628928911792
3,20260609_152034.mp4,149,5.022592495126705,981.5977011494252,308.2366923334449,1493.5,-3.9022380652522832,21.879457907314656,137.9902951354456,22.224719126141007
3,20260609_152034.mp4,150,5.056301169590643,986.5019801980199,307.66039603960394,1515.0,-3.11235480379359,21.97227619755369,137.784741713407,22.191612688722774
3,20260609_152034.mp4,151,5.090009844054581,991.4621237551751,307.0162246838984,1489.5,-2.31347400369886,22.07602644633466,137.81767285694878,22.19691657922464
3,20260609_152034.mp4,152,5.123718518518518,995.6603174603174,306.47148330596605,1522.5,-1.6373128588709687,22.163762501316278,137.98680598276087,22.22415716315419
3,20260609_152034.mp4,153,5.157427192982456,1000.2165195597689,306.2233845483273,1529.5,-0.9034908763695821,22.20372129116199,137.9740063052097,22.222095646884508
3,20260609_152034.mp4,154,5.191135867446394,1005.5546348469782,305.92630648547123,1508.5,-0.0437339434292296,22.251568688683925,138.15726730664727,22.251611666686678
3,20260609_152034.mp4,155,5.224844541910332,1010.1140696909928,306.30637738330046,1521.0,0.6906087049628326,22.190354463843086,137.84363742277188,22.20109843260849
3,20260609_152034.mp4,156,5.258553216374269,1014.9557133198107,306.76132521974307,1479.0,1.4704039047174837,22.117080558079945,137.62512550986858,22.165904900445778
3,20260609_152034.mp4,157,5.292261890838207,1019.6025514131749,306.7672935224898,1515.5,2.2188237218379654,22.116119303144764,138.0053482456255,22.22714358030566
3,20260609_152034.mp4,158,5.3259705653021445,1024.8838367076005,307.37515211859716,1506.5,3.0694276152379905,22.01821758800142,138.0301204147713,22.231133386261725
3,20260609_152034.mp4,159,5.3596792397660815,1029.0603552907426,308.23215270881605,1510.5,3.7420977645722653,21.880189059329485,137.8236675374946,22.19788208256856
3,20260609_152034.mp4,160,5.393387914230019,1034.150974562273,308.9762140733399,1513.5,4.561992985296536,21.76035052414174,138.04427161953467,22.233412579525673
3,20260609_152034.mp4,161,5.427096588693957,1038.325889436234,309.83984674329497,1522.5,5.23440484120466,21.62125383260216,138.12146167173006,22.245844810558232
3,20260609_152034.mp4,162,5.460805263157895,1043.3634682332463,311.1146649260226,1532.0,6.045757362260618,21.415931595844793,138.16551050281396,22.252939315992208
3,20260609_152034.mp4,163,5.494513937621832,1048.1433214169647,312.7785722023616,1538.5,6.815600591946156,21.147942663490685,137.95533485307993,22.219088422507937
3,20260609_152034.mp4,164,5.52822261208577,1052.7600911458333,314.3857421875,1536.0,7.559177597803416,20.88909184015847,137.9284270001831,22.21475464329301
3,20260609_152034.mp4,165,5.561931286549708,1057.6800741225202,316.27447133202526,1529.0,8.351590134170074,20.584893094143556,137.92724720047983,22.214564624734063
3,20260609_152034.mp4,166,5.595639961013645,1062.2650798826214,318.3618084990762,1533.5,9.090051234713176,20.248706536866276,137.80872751490912,22.19547584229366
3,20260609_152034.mp4,167,5.629348635477583,1066.469503546099,320.2370976541189,1527.5,9.767215776729502,19.946672435770882,137.89668992728187,22.209643069827475
3,20260609_152034.mp4,168,5.663057309941521,1070.4937220220547,322.2616006114204,1526.5,10.41535646838143,19.620605957313796,137.9217895322638,22.213685612604507
3,20260609_152034.mp4,169,5.696765984405458,1075.2534722222222,324.90863715277777,1536.0,11.18196191121697,19.194274209921314,137.9229922614562,22.213879324187335
3,20260609_152034.mp4,170,5.7304746588693956,1079.6225823878983,327.7714748784441,1542.5,11.885650863893012,18.73318552035657,137.74742216811165,22.18560200216478
3,20260609_152034.mp4,171,5.764183333333333,1084.4613220815752,330.55003786649354,1540.5,12.664978355807726,18.2856701213709,138.10608189071016,22.243367742782898
3,20260609_152034.mp4,172,5.797892007797271,1088.557734204793,333.53812636165577,1530.0,13.324746557434304,17.80440854088186,138.0751540496264,22.238386504206737
3,20260609_152034.mp4,173,5.831600682261208,1092.4885904574735,336.4371656294355,1526.5,13.957850327922722,17.337489230369357,138.19575368196539,22.25781028290667
3,20260609_152034.mp4,174,5.865309356725146,1096.583032293377,339.6200328407225,1522.5,14.617301195043186,16.824856586767698,138.38129621150756,22.287693765661608
3,20260609_152034.mp4,175,5.899018031189084,1099.2448397013613,342.6347167325428,1518.0,15.046011938449197,16.339311551270505,137.90889652228898,22.211609064213192
3,20260609_152034.mp4,176,5.932726705653021,1102.6184807256234,345.6143990929705,1470.0,15.589370615398579,15.859403862975324,138.07561929563542,22.238461436736337
3,20260609_152034.mp4,177,5.966435380116959,1105.703073607803,349.6318475671997,1469.5,16.08617519399336,15.212353547908974,137.46444430792567,22.14002558350884
3,20260609_152034.mp4,178,6.000144054580897,1110.2149168100975,352.93677567412504,1452.5,16.81285273181412,14.680061774517172,138.58102320296675,22.319861798078183
3,20260609_152034.mp4,179,6.033852729044835,1112.385894431425,356.97232451735294,1493.5,17.162510421985594,14.03009621373242,137.63465219899467,22.167439269147735
3,20260609_152034.mp4,180,6.067561403508772,1116.2118565568346,362.66044726743417,1259.5,17.778719942669788,13.113967073262923,137.16661841366675,22.092057740249288
3,20260609_152034.mp4,181,6.10127007797271,1118.3289849670766,365.48614734749657,1341.5,18.119704678048585,12.658859773488988,137.2384646949569,22.103629303454973
3,20260609_152034.mp4,182,6.1349787524366475,1117.0405982905982,371.41047008547,780.0,17.912197099472206,11.70468825921813,132.85326343188467,21.397348718376755
3,20260609_152034.mp4,183,6.1686874269005845,1115.7376947040498,375.09314641744544,535.0,17.7023514271294,11.111556350700189,129.7697377956008,20.900716030422885
3,20260609_152034.mp4,184,6.202396101364522,1116.3661526294977,378.50019770660333,421.5,17.80357087058351,10.562816615956045,128.5310519230163,20.701213264111036
3,20260609_152034.mp4,185,6.23610477582846,1117.530303030303,379.514742014742,407.0,17.991068952626787,10.399414093573762,129.02291361415635,20.78043251589803
3,20260609_152034.mp4,186,6.269813450292397,1120.3576537911301,373.1144492131616,116.5,18.446442111070905,11.430245353848735,134.73692461371428,21.700731218239415
3,20260609_152034.mp4,187,6.303522124756335,1123.375,372.9791666666667,72.0,18.932415939394385,11.452033962935827,137.38095023703713,22.12657802712544
3,20260609_152034.mp4,188,6.337230799220273,1125.4622641509434,377.9481132075472,106.0,19.268590736696225,10.651735354142492,136.6991519749427,22.016767588203873
3,20260609_152034.mp4,189,6.370939473684211,1130.531806615776,380.46819338422387,65.5,20.085091326599017,10.245851200861857,139.99420603256254,22.54746904705771
3,20260609_152034.mp4,190,6.404648148148148,1130.5800865800863,386.1255411255411,38.5,20.09286729841763,9.334678683792674,137.55959278118462,22.155350198123116
3,20260609_152034.mp4,191,6.438356822612086,1128.2666666666667,391.535238095238,87.5,19.720267850419443,8.46339280393396,133.24028678693406,21.459682706087893
3,20260609_152034.mp4,193,6.505774171539961,1121.1527777777778,415.6041666666667,72.0,18.57450479298891,4.586850785945724,118.7909390260973,19.132470526236254
3,20260609_152034.mp4,195,6.573191520467836,1137.3827956989246,407.22365591397846,77.5,21.188511737141518,5.936615980876864,136.6227610737389,22.00446406844271
3,20260609_152034.mp4,197,6.640608869395711,1137.5435435435436,415.5435435435435,55.5,21.214401787548923,4.5966147471187915,134.773824577337,21.706674326966553
3,20260609_152034.mp4,198,6.674317543859649,1139.296052631579,419.06359649122805,76.0,21.496660929102063,4.029674963457594,135.79467836861897,21.871093054804103
3,20260609_152034.mp4,199,6.708026218323587,1137.5,424.5,35.0,21.207388663734214,3.1540877279912913,133.12213422632803,21.440653052800133
3,20260609_152034.mp4,200,6.741734892787524,1139.6275510204082,430.0816326530612,98.0,21.550052064871913,2.255109884239164,134.53198740910602,21.6677240288103
3,20260609_152034.mp4,201,6.775443567251462,1135.7539682539682,437.25396825396825,126.0,20.92617276298704,1.0999333984427004,130.10715522132577,20.955060486369167
3,20260609_152034.mp4,202,6.8091522417154,1134.4923265807242,448.7476979742173,271.5,20.722972735056388,-0.7512468928493827,128.75067228645065,20.736585323333887
3,20260609_152034.mp4,203,6.842860916179337,1134.081884057971,453.931884057971,230.0,20.656866855822898,-1.5862119858364072,128.63328450837528,20.71767884593266
3,20260609_152034.mp4,204,6.876569590643275,1132.5677655677655,460.0311355311355,364.0,20.413002907742477,-2.568557524975432,127.74100561899306,20.57396839383717
3,20260609_152034.mp4,205,6.9102782651072125,1132.7749737118822,464.9516298633018,475.5,20.4463758547249,-3.3610524202637193,128.65257438892536,20.720785674400428
3,20260609_152034.mp4,206,6.94398693957115,1137.4092978672418,471.4054636951833,695.5,21.1927801767916,-4.400506999729353,134.3898024119646,21.644823710912455
3,20260609_152034.mp4,207,6.977695614035087,1137.6581333333331,475.7008,625.0,21.232857620912394,-5.092313933203664,135.57039361673128,21.834969749102875
3,20260609_152034.mp4,208,7.011404288499025,1137.1860245514636,481.3135033050047,706.0,21.15681977300623,-5.9962960166512875,136.5338716714897,21.990147539904672
3,20260609_152034.mp4,209,7.045112962962963,1135.4769895753877,487.35545385202136,655.5,20.881562572615767,-6.969412667714862,136.68142862015483,22.01391306440025
3,20260609_152034.mp4,210,7.0788216374269,1133.0476998491704,492.85275263951735,884.0,20.490301130728092,-7.854807697739626,136.24894759345005,21.944257663370312
3,20260609_152034.mp4,211,7.112530311890838,1132.3034055727553,497.56697626418986,807.5,20.37042508274745,-8.614080629602878,137.32076768013184,22.116885023554424
3,20260609_152034.mp4,212,7.146238986354776,1130.239097085251,502.12184966031117,760.5,20.037947524963688,-9.347688611124795,137.284551618883,22.11105206415449
3,20260609_152034.mp4,213,7.179947660818714,1127.8591666666666,507.245,800.0,19.654635893947333,-10.17282328620334,137.40979224989601,22.131223322174574
3,20260609_152034.mp4,214,7.213656335282651,1125.5034140285536,513.1750465549349,805.5,19.275218336637693,-11.127916678524906,138.1894008090478,22.256787089093667
3,20260609_152034.mp4,215,7.247365009746589,1122.318339100346,515.0390234525182,867.0,18.76223011811374,-11.428128827254234,136.4006541825682,21.968691529023154
3,20260609_152034.mp4,216,7.281073684210527,1119.6913580246912,518.2477477477478,999.0,18.339128504345837,-11.944926013206361,135.88835356276462,21.886180383060992
3,20260609_152034.mp4,217,7.314782358674464,1116.9450345641542,522.5513404147698,988.5,17.896805604173352,-12.638062716508593,136.03173771497475,21.909273836893252
3,20260609_152034.mp4,218,7.3484910331384015,1113.9727633477632,527.6998556998557,924.0,17.41809155485443,-13.467282670095639,136.70191009447672,22.017211810979827
3,20260609_152034.mp4,219,7.382199707602339,1110.272308578008,531.9291882556131,868.5,16.822096250865314,-14.148459038698158,136.47671630922227,21.980942096350113
3,20260609_152034.mp4,220,7.415908382066277,1107.6990818812067,537.5718568484167,889.5,16.407652318209298,-15.057267331874598,138.2685738741752,22.269538704220547
3,20260609_152034.mp4,221,7.449617056530214,1103.40239565787,539.3189219539585,890.5,15.715627966836738,-15.338649665520856,136.34860317863078,21.960308193502296
3,20260609_152034.mp4,222,7.483325730994152,1100.1939700611426,544.9637360320472,790.5,15.198878889270103,-16.2478035105914,138.13812684972146,22.24852890439021
3,20260609_152034.mp4,223,7.51703440545809,1097.1368051250258,546.9754081421781,806.5,14.706491856103813,-16.571803452599397,137.5660424035716,22.1563889744072
3,20260609_152034.mp4,224,7.550743079922027,1092.5627286421345,551.05164622337,774.5,13.969791025121724,-17.228322422696866,137.7151251228076,22.18040023953515
3,20260609_152034.mp4,225,7.584451754385965,1088.957292333974,554.3429425581892,780.5,13.389099396066175,-17.758418662656748,138.086821392923,22.240265646703396
3,20260609_152034.mp4,226,7.618160428849903,1086.6313169031614,558.4655215334826,669.5,13.014477756237271,-18.42240129789423,140.0455721920736,22.55574208152438
3,20260609_152034.mp4,227,7.65186910331384,1081.606297163674,560.75956284153,640.5,12.205147997185737,-18.791879627403382,139.1257557168103,22.40759642540952
3,20260609_152034.mp4,228,7.685577777777778,1078.2645285087717,563.4375,608.0,11.666922684551638,-19.223188228678797,139.61639855069035,22.486619368026858
3,20260609_152034.mp4,229,7.7192864522417155,1072.489708634055,565.7840149692595,623.5,10.73683010381138,-19.601117966896172,138.76270865318136,22.34912405957536
3,20260609_152034.mp4,230,7.752995126705653,1068.9275006813846,568.8697192695557,611.5,10.163100834377639,-20.098101550510478,139.83356625676947,22.52159640221712
3,20260609_152034.mp4,231,7.78670380116959,1065.4261565836298,571.5797746144721,562.0,9.599174298383277,-20.534583107405062,140.73914632265365,22.66744914201127
3,20260609_152034.mp4,232,7.820412475633528,1060.3310144927534,573.3252173913044,575.0,8.778550632303308,-20.81570414876361,140.26492490457082,22.591071032883043
3,20260609_152034.mp4,233,7.854121150097466,1054.4977924944812,573.6719094922737,604.0,7.839051804615643,-20.871542384052056,138.4273544181093,22.295111901148402
3,20260609_152034.mp4,234,7.887829824561403,1051.2742770167426,576.8806697108066,547.5,7.31987235057369,-21.388345355811992,140.3590742105682,22.606234721602306
3,20260609_152034.mp4,235,7.921538499025341,1047.278370514064,576.9806013579049,515.5,6.676291585787404,-21.404440348480804,139.21198058428965,22.421483803935207
3,20260609_152034.mp4,236,7.955247173489279,1041.4859437751004,578.5304294099474,539.5,5.743363243211921,-21.654055679157857,139.09582304410287,22.402775468667855
3,20260609_152034.mp4,237,7.988955847953217,1038.5530028214428,581.7182587666264,413.5,5.270983726633489,-22.167487525975165,141.4723483607983,22.785538673919902
3,20260609_152034.mp4,238,8.022664522417154,1032.6355828220858,581.6376278118609,407.5,4.317923967553833,-22.154501103120012,140.14255471510495,22.57136208822413
3,20260609_152034.mp4,239,8.056373196881092,1026.790436005626,575.9585091420535,237.0,3.3765045284594613,-21.239822159962426,133.53115470233678,21.506529897162356
3,20260609_152034.mp4,240,8.09008187134503,1025.852283770651,582.9659863945577,171.5,3.225405714594225,-22.36844655754678,140.3190783961958,22.599792995104256
3,20260609_152034.mp4,241,8.123790545808967,1021.2764857881136,580.8759689922481,64.5,2.4884276188518086,-22.03182832153616,137.6624297102968,22.17191311555923
3,20260609_152034.mp4,266,8.966507407407407,913.1697154471543,534.2012195121952,164.0,-14.923250529265177,-14.514392428968726,129.2534614472162,20.81756455355232
3,20260609_152034.mp4,267,9.000216081871345,906.2604422604422,539.09828009828,203.5,-16.03605817845332,-15.303113084740954,137.62695908045077,22.16620021535287
3,20260609_152034.mp4,268,9.033924756335283,906.3995877502944,534.5179623085983,566.0,-16.013647403647763,-14.565407028788066,134.40265157308696,21.646893197006897
3,20260609_152034.mp4,269,9.067633430799221,901.4643040575243,530.3726245505907,649.0,-16.80852427358979,-13.897758863645178,135.41508788539468,21.809956205547167
3,20260609_152034.mp4,270,9.101342105263157,898.6866416978777,526.8836870578443,801.0,-17.255894617350595,-13.335830535650521,135.40598996955765,21.808490895077956
3,20260609_152034.mp4,271,9.135050779727095,895.6799242424241,522.2325757575757,880.0,-17.74015657848003,-12.586722475758133,135.05370908142976,21.75175252964099
3,20260609_152034.mp4,272,9.168759454191033,892.7287870900573,519.0806871421134,960.5,-18.215466775111572,-12.079079245292027,135.70418468716264,21.856518141031483
3,20260609_152034.mp4,273,9.20246812865497,890.3155972874283,515.6428447226568,958.5,-18.604135163050397,-11.52538029061293,135.88031702221954,21.884886017713164
3,20260609_152034.mp4,274,9.236176803118909,888.2191825435596,511.5875264614883,1023.5,-18.941783754994134,-10.872230667060675,135.60318529642996,21.840251177555956
3,20260609_152034.mp4,275,9.269885477582847,886.5729778581111,507.9198674499171,1106.5,-19.206921507778247,-10.281517448405545,135.26430059161058,21.785670401615423
3,20260609_152034.mp4,276,9.303594152046784,885.0027488425926,503.6031539351851,1152.0,-19.459822617956767,-9.586267501162757,134.68820296094646,21.69288410807081
3,20260609_152034.mp4,277,9.33730282651072,883.0336300692384,499.7318072629645,1179.5,-19.776968918867663,-8.962748344648372,134.8138130651171,21.71311487344353
3,20260609_152034.mp4,278,9.371011500974658,881.0416490187773,495.5278836651136,1180.5,-20.09779741849249,-8.28566434320984,134.9730414022421,21.738760191949822
3,20260609_152034.mp4,279,9.404720175438596,879.0850651149902,490.85217511776113,1203.0,-20.412924853111814,-7.532594650311467,135.0949128000204,21.758388801211616
3,20260609_152034.mp4,280,9.438428849902534,876.7186254295532,485.83436426116833,1212.5,-20.794063666433207,-6.724425954053421,135.6904920515268,21.854312804918504
3,20260609_152034.mp4,281,9.472137524366472,875.2368093061903,481.08918432350083,1203.5,-21.032724994796933,-5.960167197927535,135.73141448139276,21.86090377212266
3,20260609_152034.mp4,282,9.50584619883041,874.2527260179432,476.7331953071083,1207.5,-21.191221464831663,-5.258591537763508,135.56395969240455,21.833933501148625
3,20260609_152034.mp4,283,9.539554873294348,872.9338175948345,472.5277105192359,1239.0,-21.403644876405075,-4.581256091035308,135.90239963518638,21.88844264370833
3,20260609_152034.mp4,284,9.573263547758284,871.5371420853592,466.9619124797407,1234.0,-21.628593456143825,-3.684828570395618,136.2239862215276,21.940237384412036
3,20260609_152034.mp4,285,9.606972222222222,870.9942006063002,462.11466982997234,1264.5,-21.716039619384315,-2.90413159223776,136.03231540333545,21.9093668793898
3,20260609_152034.mp4,286,9.64068089668616,870.5051452390256,457.2654682818809,1279.5,-21.79480688460496,-2.123119113884872,135.96157522908794,21.897973465801968
3,20260609_152034.mp4,287,9.674389571150098,870.272773928663,452.5878881190659,1299.0,-21.832232611542594,-1.369747978570383,135.81992456098493,21.875159206947536
3,20260609_152034.mp4,288,9.708098245614035,870.328109072375,447.84951580020385,1308.0,-21.823320332417477,-0.6065856576374254,135.55039529381145,21.831748818895786
3,20260609_152034.mp4,289,9.741806920077973,870.1936265137028,442.4845124282983,1307.5,-21.844980095453135,0.2575018706511685,135.64196923272132,21.846497718951028
3,20260609_152034.mp4,290,9.77551559454191,870.1583301514572,437.7182130584192,1309.5,-21.850664928117006,1.025162122864475,135.8170755481564,21.874700344896123
3,20260609_152034.mp4,291,9.809224269005847,870.5185880585806,432.4582551007635,1331.5,-21.792641783873936,1.8723310350656088,135.80605428389276,21.872925259898775
3,20260609_152034.mp4,292,9.842932943469785,871.1230366492147,427.3717277486911,1337.0,-21.695289284266273,2.691567211176983,135.7358163089812,21.86161273054397
3,20260609_152034.mp4,293,9.876641617933723,871.5443099865541,423.01087886566427,1363.5,-21.62743899386352,3.39392560153832,135.9252219663922,21.892118408734813
3,20260609_152034.mp4,294,9.910350292397661,872.5469387755102,418.5243042671614,1347.5,-21.465955585190045,4.116533377631055,135.7078365475427,21.857106309722298
3,20260609_152034.mp4,295,9.944058966861599,873.108220479924,414.36623901164165,1403.0,-21.375555544962623,4.786231433725399,136.00426116387214,21.90484846313627
3,20260609_152034.mp4,296,9.977767641325537,874.6180278281911,409.9124016938898,1377.5,-21.132385949471253,5.503566542860428,135.584763642911,21.837284185747617
3,20260609_152034.mp4,297,10.011476315789473,875.6231935560294,405.17081260364836,1407.0,-20.970493941381108,6.267246957042844,135.8933334601853,21.88698244541866
3,20260609_152034.mp4,298,10.04518499025341,877.3127294256956,400.6998223801066,1407.5,-20.698377267378675,6.987344713456832,135.63860777529686,21.845956322564856
3,20260609_152034.mp4,299,10.078893664717349,878.9481533263427,396.1680065245252,1430.5,-20.434975867965893,7.717239047133179,135.62414201584167,21.843626467117254
3,20260609_152034.mp4,300,10.112602339181286,880.6057859881491,391.72917392819795,1434.5,-20.167997525128047,8.432157495597252,135.7243551250632,21.8597667920801
3,20260609_152034.mp4,301,10.146311013645224,882.6013025458851,387.62936648904673,1407.5,-19.846599596645365,9.092472546862,135.541197051412,21.83026734982884
3,20260609_152034.mp4,302,10.180019688109162,884.6078293483356,383.11286919831224,1422.0,-19.523428357974097,9.81989967224081,135.68817606293354,21.853939791758886
3,20260609_152034.mp4,303,10.2137283625731,886.158496732026,379.39612511671334,1428.0,-19.273677844528496,10.41851853305419,136.03229117680127,21.909362977463818
3,20260609_152034.mp4,304,10.247437037037036,888.6378193806664,375.4331802661015,1415.5,-18.874358099360716,11.05679049363507,135.81586845239022,21.87450593003285
3,20260609_152034.mp4,305,10.281145711500974,891.1546114232209,371.377574906367,1424.0,-18.46900353301403,11.709986357286922,135.7780929018294,21.868421799259558
3,20260609_152034.mp4,306,10.314854385964912,893.941840574752,367.0498346447713,1461.5,-18.020092361600366,12.407012272554711,135.8390948993593,21.878246781950587
3,20260609_152034.mp4,307,10.34856306042885,896.8088749126485,363.3573258793384,1431.0,-17.558327765603167,13.001727792961475,135.6519638905117,21.848107458693487
3,20260609_152034.mp4,308,10.382271734892788,899.485900962861,359.4936955524988,1454.0,-17.127165907438172,13.624004154766236,135.88103553630867,21.88500174160377
3,20260609_152034.mp4,309,10.415980409356726,903.006906077348,355.5720534069981,1448.0,-16.560072767776646,14.255623901005926,135.668875056767,21.850831171399157
3,20260609_152034.mp4,310,10.449689083820664,905.5789294237982,352.2038868053188,1466.5,-16.145822646747316,14.798100867367188,135.98285809432696,21.90140128441539
3,20260609_152034.mp4,311,10.4833977582846,908.1938331040807,349.50320953690965,1454.0,-15.724666218469899,15.233071991110581,135.931852870565,21.893186382266197
3,20260609_152034.mp4,312,10.517106432748538,911.6693822131704,345.7267481330618,1473.0,-15.164894223759624,15.841308924793836,136.15988365883553,21.92991302464674
3,20260609_152034.mp4,313,10.550815107212475,915.3262894796636,342.4369461486026,1467.0,-14.575912681337517,16.371164484661,136.09633200626084,21.919677394473705
3,20260609_152034.mp4,314,10.584523781676413,919.1411950751158,338.94905681689823,1475.5,-13.961483925543885,16.93292399582159,136.2625992444999,21.946456398505223
3,20260609_152034.mp4,315,10.618232456140351,922.2604780048493,336.4306662048262,1443.5,-13.45909216733909,17.338536027800163,136.28028633385262,21.949305081397284
3,20260609_152034.mp4,316,10.651941130604289,925.9576003608479,333.8186738836265,1478.0,-12.863633581962546,17.759223552537463,136.15167352727164,21.928590700726666
3,20260609_152034.mp4,317,10.685649805068227,929.4396666666667,331.1885555555555,1500.0,-12.302811927443578,18.18283045222934,136.30892577388525,21.953917750063805
3,20260609_152034.mp4,318,10.719358479532163,933.0382186773014,328.62944499833833,1504.5,-11.723229083456864,18.59500083921973,136.48326101482616,21.98199618673862
3,20260609_152034.mp4,319,10.753067153996101,936.3881673881673,326.1136641136641,1501.5,-11.18368629087936,19.000192548462167,136.88854319225948,22.047270940672913
3,20260609_152034.mp4,320,10.786775828460039,941.4041851472762,323.49653133174115,1465.5,-10.375806390930554,19.421707995885196,136.71635957575836,22.019539044664544
3,20260609_152034.mp4,321,10.820484502923977,945.4917028622341,321.17964138545494,1496.5,-9.71747072283957,19.794866327431976,136.91442326696384,22.051439185915836
3,20260609_152034.mp4,322,10.854193177387915,949.724517906336,318.80749311294767,1512.5,-9.035733464608974,20.176924565877563,137.26407118787782,22.107753485611514
3,20260609_152034.mp4,323,10.887901851851852,954.5547090648117,317.0644805123109,1509.5,-8.25778279990953,20.457654203019455,136.9764406228001,22.061427702231814
3,20260609_152034.mp4,324,10.92161052631579,958.0158569500675,315.2881241565452,1482.0,-7.7003302665386775,20.743754185891998,137.38276978366375,22.12687108333402
3,20260609_152034.mp4,325,10.955319200779726,962.8281693337872,314.05198047894675,1468.5,-6.925259157585396,20.94284750623902,136.95610313046254,22.058152145392917
3,20260609_152034.mp4,326,10.989027875243664,967.1318349547132,312.38544112713856,1490.5,-6.232110704326226,21.211260360709996,137.2646336840177,22.107844081248736
3,20260609_152034.mp4,327,11.022736549707602,971.669238510567,311.2531588952253,1490.5,-5.501316415555263,21.393625754965385,137.1515381141428,22.089628906968446
3,20260609_152034.mp4,328,11.05644522417154,977.1243219306984,309.62692350271226,1505.5,-4.6227205932687125,21.65554725311216,137.48569127492036,22.143447620350457
3,20260609_152034.mp4,329,11.090153898635478,982.3517233784825,308.7992511837903,1513.5,-3.780795233064594,21.788852169943205,137.30559176568937,22.11444079053329
3,20260609_152034.mp4,330,11.123862573099416,987.4504656120273,307.44945585100413,1485.5,-2.959591727949263,22.006250227679825,137.86397603586244,22.204374169955884
3,20260609_152034.mp4,331,11.157571247563352,992.3953462847107,307.0399517067281,1518.5,-2.1631691682699703,22.072204971660856,137.6999212875455,22.177951509586364
3,20260609_152034.mp4,332,11.19127992202729,997.0172750977836,306.30551933941763,1534.0,-1.4187612402288348,22.19049266040448,138.05910126058572,22.235801041748886
3,20260609_152034.mp4,333,11.224988596491228,1001.2767564018385,306.03797329831474,1523.0,-0.7327291137466817,22.233583630033802,138.1202785036577,22.245654249489704
3,20260609_152034.mp4,334,11.258697270955166,1006.6882222222222,305.941,1500.0,0.13884165723173483,22.249202151000553,138.1449966433337,22.24963535345851
3,20260609_152034.mp4,335,11.292405945419103,1011.2798982188294,306.1133974997234,1506.5,0.8783770661724354,22.221435806957,138.07765580099863,22.23878943632248
3,20260609_152034.mp4,336,11.326114619883041,1016.1787155163013,306.30978083087996,1528.5,1.6673806579085497,22.189806304521877,138.16193265372618,22.252363067561305
3,20260609_152034.mp4,337,11.35982329434698,1021.031857813548,306.6230717639168,1491.0,2.449027833382966,22.139347661871128,138.29869524538682,22.274390052746295
3,20260609_152034.mp4,338,11.393531968810915,1025.713658322354,307.00823451910406,1518.0,3.203078697689791,22.077313342403333,138.51024349359375,22.30846201696241
3,20260609_152034.mp4,339,11.427240643274853,1030.3820470717021,307.74493705528187,1522.5,3.9549694638053356,21.958660020225885,138.53209756228867,22.311981833613512
3,20260609_152034.mp4,340,11.460949317738791,1035.286451471234,308.6983970136144,1518.0,4.744872914287964,21.80509574419355,138.5531733446357,22.315376299453057
3,20260609_152034.mp4,341,11.494657992202729,1040.114507198228,309.53277962347727,1505.0,5.522479646359061,21.670710067796985,138.85076255991703,22.36330602319272
