frame,time_s,x_px,y_px,area_px2,x_mm,y_mm,radius_px,radius_mm
0,0.0,1121.8481629039397,321.23417441345725,1506.0,19.58161284419367,10.741930666574232,135.97599364978103,22.334471921793416
1,0.033332474226804125,1121.7309103034345,321.1242636434367,1499.5,19.562353746734992,10.759983845970368,135.92614138299507,22.32628353483714
2,0.06666494845360825,1121.777740900542,321.203783604381,1506.5,19.570045815225217,10.746922449710178,135.9288817418061,22.32673364713474
3,0.09999742268041237,1121.6885482616904,321.1946017994002,1500.5,19.555395652100135,10.748430589198856,135.8551309485868,22.314619854279446
4,0.1333298969072165,1121.6343291932415,321.19760546044535,1489.5,19.54649000464433,10.747937228705762,135.80617135722483,22.30657809198578
5,0.1666623711340206,1121.6890690082178,321.23494314983674,1480.5,19.555481186306448,10.74180439927791,135.83616048518647,22.31150389777282
6,0.19999484536082474,1121.5934547908232,321.2113135402609,1482.0,19.539776259308653,10.745685634762417,135.76374979767024,22.299610221368923
7,0.23332731958762887,1121.6382907133243,321.3721399730821,1486.0,19.547140696407507,10.71926940236938,135.7256353919768,22.293349813918113
8,0.266659793814433,1121.6457774798928,321.40962913315457,1492.0,19.548370420664124,10.713111693419908,135.71417895850047,22.29146805975745
9,0.2999922680412371,1121.5324631860776,321.39145470771973,1494.0,19.529758202098023,10.716096898261393,135.6235614237084,22.27658385312574
10,0.3333247422680412,1121.4158826164874,321.52934587813616,1488.0,19.510609487768,10.693447852711037,135.4550391700002,22.24890355866628
11,0.36665721649484534,1121.1046822742476,321.0729096989967,1495.0,19.459493881849294,10.768418888064067,135.40263235894216,22.24029558001748
12,0.39998969072164947,1119.9394041596402,319.1130972456436,1482.5,19.26809339538687,11.090324064386095,135.35115353514263,22.23184002610788
13,0.4333221649484536,1117.204250559284,314.0800894854586,1490.0,18.818836069521794,11.917010948480812,135.61229458814452,22.2747332410008
14,0.46665463917525773,1115.2589052008648,311.03892113349264,1464.5,18.49930715769262,12.416532131178487,135.6438451542995,22.279915517776214
15,0.4999871134020618,1113.7972116603294,309.040327226639,1446.5,18.259219532935578,12.744807279589299,135.56656967668573,22.26722278475267
16,0.533319587628866,1111.7405169519973,306.280407295513,1489.5,17.92140115057277,13.198132550863988,135.50341160760578,22.256848879163613
17,0.5666520618556701,1110.4818629133767,304.7942556356562,1456.5,17.714663383631162,13.442237496359645,135.38515265012984,22.237424484501346
18,0.5999845360824742,1109.1756064229587,303.38378316820405,1463.5,17.500106768711003,13.673911903548829,135.21071838273713,22.20877312375222
19,0.6333170103092783,1108.0958132045089,301.5471589602024,1449.0,17.322747437321045,13.975583034632082,135.50712869611579,22.257459422295007
20,0.6666494845360824,1104.9946548390765,298.87433185488453,1465.5,16.813372711836944,14.4146030434822,134.8319769059265,22.146563680361552
21,0.6999819587628866,1104.7795863004408,298.49327455634676,1474.5,16.77804704803049,14.477192867658859,134.9174026530028,22.160595120016907
22,0.7333144329896907,1102.2020134228187,296.33691275167786,1490.0,16.354672836771556,14.831381874754104,134.41553255657615,22.078161425096475
23,0.7666469072164949,1100.9666330758034,294.5663419549882,1488.5,16.15175784470161,15.122203531450825,134.70684302634868,22.12601005876351
24,0.7999793814432989,1098.519288829252,292.6417309627642,1490.5,15.749774083521325,15.438326760356324,134.2709735859768,22.05441717301761
25,0.833311855670103,1097.3885466575405,291.5188227241615,1461.0,15.564046231074634,15.622767865382679,134.2589777630159,22.052446822488026
26,0.8666443298969072,1095.80639391907,290.1259780907668,1491.0,15.304172815445318,15.851546847032171,134.1455772129109,22.03382043606308
27,0.8999768041237113,1093.3244958078403,287.93428506684796,1471.0,14.896513476541864,16.21153911471129,134.03927607234732,22.01636014932095
28,0.9333092783505155,1093.0047106325705,287.7234185733513,1486.0,14.843987785599213,16.24617457978006,133.9787090745219,22.006411835092752
29,0.9666417525773195,1090.0332326283988,285.61776882622803,1489.5,14.355913455204288,16.592033976662883,133.5777462549625,21.940552468341608
30,0.9999742268041236,1088.8138629283487,284.05106809078774,1498.0,14.155628260758885,16.84936935363882,133.97883318382492,22.006432220424525
31,1.0333067010309278,1086.4793277310923,282.25344537815124,1487.5,13.772173730190389,17.144634370085516,133.88587256841626,21.99116315565104
32,1.066639175257732,1083.9180180180178,280.2608108108108,1480.0,13.351470793339514,17.471930678794866,133.87464281301087,21.98931863405529
33,1.099971649484536,1082.598081855693,279.5404260064681,1494.5,13.134667250561707,17.590256081342897,133.65385945041103,21.953054292972517
34,1.1333041237113402,1079.869325222485,277.9553903345725,1479.5,12.68646064607268,17.85060302758528,133.32811943652854,21.899550501615042
35,1.1666365979381443,1079.0319865319866,277.1925925925926,1485.0,12.548925210809482,17.975894884573925,133.46954976598752,21.922780864838767
36,1.1999690721649483,1076.7632817753868,275.3539565119928,1487.0,12.176283531016912,18.277896471871156,133.7102540281145,21.962317274462492
37,1.2333015463917525,1074.6737321937321,274.00034188034186,1462.5,11.833068635445999,18.500231806014053,133.7014814598715,21.96087635335689
38,1.2666340206185567,1073.0793107383315,272.9834531553121,1460.5,11.571180045619855,18.66725888239095,133.71238599836076,21.962667457081686
39,1.2999664948453609,1070.879459213815,271.5773687798228,1467.0,11.20984771931985,18.898212532083868,133.77396141923197,21.972781407872606
40,1.3332989690721648,1069.189344356413,270.71615570099897,1451.5,10.932241196182579,19.039669408488187,133.66582777324942,21.955020126523056
41,1.366631443298969,1066.971124097628,269.7238455368397,1454.5,10.567891749222213,19.202659381234465,133.44374006173683,21.918541542150813
42,1.3999639175257732,1065.806908462867,268.7245826137018,1447.5,10.376665778316998,19.366791365861065,133.7662969108363,21.97152248897845
43,1.4332963917525772,1062.300832208727,267.37381916329286,1482.0,9.80078205390424,19.58865838478387,133.3532144612363,21.903672436007046
44,1.4666288659793814,1060.2790148448044,266.3003823661718,1482.0,9.46869238179766,19.76497365457237,133.4281643593371,21.915983185498497
45,1.4999613402061855,1059.0670745524585,265.8738953093134,1471.0,9.269627490240369,19.835025455193477,133.29529928724284,21.894159691935954
46,1.5332938144329897,1056.950875987633,265.07305622352,1455.5,8.922035417857595,19.96656571899619,133.1439744040573,21.869304118066932
47,1.5666262886597937,1055.7043874643873,264.91293447293447,1462.5,8.717295873942419,19.992866205181507,132.7870867213572,21.81068422705125
48,1.5999587628865979,1051.6550714848586,263.0628166160081,1480.5,8.052183366802453,20.296753709279898,132.93911836884328,21.835655889113504
49,1.633291237113402,1050.8593292820165,262.6065721359442,1481.0,7.921480281578909,20.371693257474746,133.07286516307144,21.857624208227335
50,1.666623711340206,1048.4621212121212,261.4779411764706,1496.0,7.527731540417514,20.557074336868464,133.28220403898953,21.89200875744692
51,1.6999561855670102,1046.2454771596563,260.8785617367707,1474.0,7.163640990155379,20.655524238995728,133.10248401779498,21.862489195505034
52,1.7332886597938144,1044.2625309058214,260.06169925826026,1483.0,6.837936016505638,20.7896963939516,133.24170620868972,21.885356865230897
53,1.7666211340206186,1042.3744414655941,259.486036639857,1492.0,6.527811563970267,20.884250735803068,133.2132459374216,21.88068217882146
54,1.7999536082474226,1040.651844308667,259.0649468205476,1473.0,6.244869724008122,20.95341602368573,133.11301096394843,21.864218278536352
55,1.8332860824742268,1038.501795735129,258.1630751964085,1485.0,5.891717684392531,21.101551190237828,133.38335962211752,21.9086238706773
56,1.866618556701031,1035.5406558849954,257.2555031446541,1484.0,5.4053414273478495,21.25062266942202,133.4970900161956,21.927304434981423
57,1.899951030927835,1033.871112608061,257.1331536993376,1484.5,5.131113849081698,21.27071893919525,133.214297822177,21.880854954102624
58,1.933283505154639,1031.7625955915428,256.4393837156995,1482.0,4.784783494450576,21.384672776220754,133.41261575981142,21.913429280575958
59,1.9666159793814433,1030.094433175569,256.1826684696867,1479.0,4.51078272681128,21.426839038809252,133.30953075659545,21.896497254208015
60,1.9999484536082472,1027.7764572722128,255.7739671760045,1472.5,4.130048110800723,21.49396947355096,133.2527185226373,21.887165671403626
61,2.0332809278350514,1026.8895257361203,255.4055967633176,1483.0,3.9843668993036943,21.554475438009405,133.45042394388452,21.91963939019111
62,2.0666134020618556,1023.7961284547387,255.27705046436162,1489.5,3.4762669555598302,21.575589559904163,133.0498505166892,21.85384398232409
63,2.09994587628866,1022.177329227962,254.85220663701676,1461.5,3.21037424239029,21.645371455062953,133.22219891307566,21.882152732394886
64,2.133278350515464,1020.0702845949993,254.67841917271573,1446.5,2.864285731251495,21.67391657643039,133.10169853207645,21.86236017707866
65,2.166610824742268,1017.5042528735631,254.35137931034484,1450.0,2.442807190116823,21.727633871868896,133.1148681946321,21.86452333434395
66,2.199943298969072,1016.1573527710285,254.0194376952447,1440.5,2.221574737872349,21.78215629515211,133.30134703079952,21.895153052271343
67,2.233275773195876,1014.8841817560642,253.76756633640815,1463.5,2.012452513264084,21.82352693448958,133.42899413147327,21.91611947810412
68,2.2666082474226803,1011.8297460425919,253.6627946703109,1463.5,1.510752125950305,21.840736000383046,133.2877761543409,21.892923994398085
69,2.2999407216494845,1011.2536529680365,253.5522831050228,1460.0,1.4161270803622106,21.858887862235346,133.35954164910333,21.904711695923208
70,2.3332731958762887,1008.2379804934021,253.36660929432014,1452.5,0.9207936733233073,21.88938535227342,133.38408938213433,21.908743735987105
71,2.366605670103093,1007.1639381537062,253.38915416098226,1466.0,0.7443789413189285,21.885682289122855,133.32073503689995,21.8983375914407
72,2.3999381443298966,1004.4168113928447,253.12388560842885,1439.5,0.293154987301748,21.92925345841321,133.5208851017972,21.931212850408148
73,2.433270618556701,1002.4432562952742,253.0271357939519,1449.5,-0.031007460272113326,21.945144910697348,133.60583917828419,21.945166816729788
74,2.466603092783505,1000.5554034006618,252.79824261097795,1460.5,-0.341093059468352,21.982741314525725,133.85070894896313,21.985387423845268
75,2.499935567010309,999.0752468505277,252.79718533651115,1468.5,-0.5842132898964812,21.982914975083435,133.8829101486869,21.990676569169928
76,2.5332680412371134,997.6748846110547,252.90341100979398,1480.5,-0.8142270612861914,21.965467084072472,133.8212761339257,21.980552994153758
77,2.5666005154639175,995.4245239733883,253.07031429226885,1453.0,-1.1838556635622695,21.938052710578784,133.75685745292878,21.96997202921027
78,2.5999329896907217,994.8925572952121,252.79702745631948,1469.0,-1.2712328138823294,21.982940907386727,134.05940721257147,22.019666750537983
79,2.6332654639175255,990.9413982179575,253.0910440941284,1459.0,-1.920222750273386,21.93464777736117,134.05253697016485,22.01853829225643
80,2.6665979381443297,989.8264008250258,253.38741835682364,1454.5,-2.10336447475636,21.885967400253147,133.85935559495547,21.986807661836917
81,2.699930412371134,988.1211703958692,253.5887550200803,1452.5,-2.383453776683273,21.852897238883966,133.8330832174447,21.98249234365403
82,2.733262886597938,985.4478068684122,253.9010540632438,1470.5,-2.822561894506771,21.801601167985574,133.83954989700297,21.983554515506167
83,2.7665953608247422,983.028600269179,254.29542395693136,1486.0,-3.2199239612459425,21.736824709428845,133.78148884878075,21.97401781114783
84,2.7999278350515464,981.161908038069,254.8968008255934,1453.5,-3.526533856884859,21.6380467234989,133.47415775038934,21.923537740339185
85,2.8332603092783506,979.4239836009566,255.22343696617696,1463.5,-3.8119932493924695,21.58439574059602,133.44304130253101,21.91842676881882
86,2.8665927835051543,977.6871284865111,255.51886145404663,1458.0,-4.097277002388732,21.535871366901574,133.46581639658697,21.922167647521416
87,2.8999252577319585,975.2966746112812,255.72488934286687,1468.5,-4.489916346464236,21.502030657417123,133.7314992323648,21.965806864095672
88,2.9332577319587627,973.5680863145939,255.8281658148779,1467.5,-4.773842249415463,21.485067181715277,133.99468763819047,22.009036362937906
89,2.966590206185567,971.8035589672016,256.21167713421727,1433.0,-5.063671251121985,21.422074277132896,134.0152046207476,22.012406339935627
90,2.999922680412371,970.7174263351749,256.3408149171271,1448.0,-5.242071850538265,21.400863002193656,134.14378277633406,22.033525694379165
91,3.0332551546391753,968.5475451305047,256.87650914108315,1449.5,-5.598481460341564,21.312873591103717,134.15833278836908,22.035915578258923
92,3.0665876288659795,966.7030344357313,257.05477895215364,1466.5,-5.901447970944663,21.28359223060039,134.466975106941,22.086611020983735
93,3.099920103092783,964.5387544802867,257.91151433691755,1488.0,-6.25693755846904,21.142870829110215,134.23962941669967,22.049268797559257
94,3.1332525773195874,963.6326025857222,258.2467678471051,1482.5,-6.405775772500818,21.087804416951816,134.17876007374133,22.039270822220296
95,3.1665850515463916,961.2417407154248,259.05969469127365,1463.0,-6.798482131011252,20.954278701947167,134.11958941643172,22.029551861183105
96,3.1999175257731958,960.3530152191325,259.31708433459204,1456.5,-6.9444580059458065,20.91200166754313,134.15221784812272,22.034911180662185
97,3.23325,957.1071508630351,260.2628334454158,1487.0,-7.477601132003222,20.75665948989993,134.32011773306746,22.062489249152932
98,3.266582474226804,956.2856977283263,260.52978674084375,1438.0,-7.612527316249219,20.71281159645102,134.35015226742055,22.067422513078334
99,3.2999149484536083,952.9469960565993,261.5670378102528,1437.0,-8.160919254715127,20.54243994286903,134.57361688906897,22.104127259142373
100,3.333247422680412,952.6875934230193,261.8807634816603,1449.5,-8.203526928912789,20.490909543927852,134.3783026736231,22.07204630320512
101,3.3665798969072163,949.0141893463596,263.41288671784133,1433.0,-8.806894758817153,20.23925362672715,134.38017206060854,22.072353355722385
102,3.3999123711340205,947.2544627231362,264.1046552327616,1428.5,-9.095935226928331,20.125628537046534,134.46126562943687,22.08567322187978
103,3.4332448453608246,946.4185016893858,264.7255039030642,1430.5,-9.233244377866388,20.02365224827405,134.24366018689454,22.04993086386467
104,3.466577319587629,944.5149948293691,265.4396185223486,1450.5,-9.545901188652287,19.90635674275688,134.40754319038209,22.07684914731755
105,3.499909793814433,942.9567901234567,266.2457488935476,1431.0,-9.801841066850512,19.77394736917862,134.3658696595496,22.070004142701087
106,3.533242268041237,940.2999541179169,267.465014911677,1453.0,-10.238234488761242,19.5736792048051,134.48516353892742,22.089598526444064
107,3.566574742268041,939.4178710713466,268.08350539114474,1453.0,-10.383119321057858,19.472090256073844,134.35019770711983,22.067429976687613
108,3.599907216494845,938.5597246127367,268.5173838209983,1452.5,-10.524072495733483,19.400824399881646,134.37455976372632,22.07143151883215
109,3.6332396907216493,936.3681677552423,269.41423169474047,1454.5,-10.884042397661828,19.253514399663484,134.6517827466523,22.116966239793136
110,3.6665721649484535,935.2939311594201,270.1911231884058,1472.0,-11.060489036827772,19.125907600949887,134.5105720816966,22.093771957134436
111,3.6999046391752577,932.546542400184,271.6060292256357,1448.5,-11.51175602487754,18.89350496639456,134.6964877923827,22.124309179983005
112,3.733237113402062,932.1205747126436,272.0357471264368,1450.0,-11.581722517503183,18.822922489796138,134.55244360165983,22.10064948206983
113,3.7665695876288656,930.2775242775242,273.6458406458406,1424.5,-11.884449176001768,18.55845971563023,134.1686908023734,22.037616913669208
114,3.79990206185567,928.5114396339317,274.5177754311862,1420.5,-12.174533968361668,18.41524176620974,134.4010814844126,22.075787792392546
115,3.833234536082474,926.1521612489804,275.75952464173366,1430.5,-12.562052643019083,18.211280668868447,134.69247746808574,22.12365047197872
116,3.866567010309278,924.8153370013755,276.9957588262265,1454.0,-12.781630105342357,18.008225431387114,134.44600548338065,22.083166696319886
117,3.8998994845360824,922.6395589248793,278.4147714220078,1451.0,-13.139008294338849,17.775148282057533,134.5732028491189,22.104059251817027
118,3.9332319587628866,920.3478061107281,280.37043418332183,1451.0,-13.515435687921153,17.45392470531674,134.39640447854185,22.07501957990522
119,3.9665644329896907,918.8584173328699,281.4357548372147,1438.5,-13.760072339927435,17.278942536821923,134.478422294981,22.088491256553265
120,3.9998969072164945,916.8018264840182,283.07956621004564,1460.0,-14.097873663053628,17.008941502332135,134.4994628983634,22.091947239869498
121,4.033229381443299,915.4481456043956,283.8041437728938,1456.0,-14.320219878628048,16.889927426404334,134.81384071645635,22.143584755893954
122,4.066561855670103,913.922103325279,285.4908526061443,1448.5,-14.570876980073354,16.612880353128283,134.5330959161125,22.097471565674372
123,4.099894329896907,912.2533702039406,286.5652724968314,1446.5,-14.844971487810449,16.436403607221404,134.83998449111988,22.14787895066672
124,4.133226804123711,911.2673658096526,287.61344158773113,1478.0,-15.006925718611729,16.2642386352905,134.73063621854538,22.129918163192706
125,4.166559278350515,908.9614071038251,289.6286429872495,1464.0,-15.385686473254703,15.933235655527573,134.8480665758384,22.149206457746242
126,4.19989175257732,907.9623674307219,290.6889040939674,1461.5,-15.5497817883818,15.759084533096722,134.787184412634,22.139206376642743
127,4.233224226804124,905.5913903432227,293.30994764397906,1432.5,-15.93922201063424,15.328570131236143,134.63301686892947,22.113883887108386
128,4.266556701030928,904.3746671297904,294.3229130485122,1439.5,-16.139072511576256,15.162187472223819,134.8170361237218,22.144109611288894
129,4.299889175257732,902.4711848778238,295.9547026279391,1446.0,-16.451725280414824,14.894161053988157,135.1100320606191,22.19223508807479
130,4.333221649484536,901.2362720992858,297.58693361433086,1423.5,-16.65456347293548,14.626062133311462,134.94544987405496,22.165201961667847
131,4.36655412371134,900.3879040667362,298.56633066852044,1438.5,-16.793910511289386,14.4651931782853,134.94284951877904,22.164774845378144
132,4.399886597938144,898.3344847438111,301.02544617156013,1447.5,-17.131190901603425,14.061275952303879,134.93185361253097,22.162968734220136
133,4.433219072164948,897.0436115040075,302.4282178217822,1414.0,-17.343220770664328,13.830866427845713,135.05307778622796,22.182880174695807
134,4.466551546391752,895.2685218218575,305.2927815435842,1401.5,-17.634784668088425,13.360353094605744,134.69643391363275,22.1243003302339
135,4.499884020618556,894.0939017169921,306.6094730609828,1407.5,-17.827719604960134,13.144082494658933,134.84904844208415,22.149367732273518
136,4.533216494845361,893.5789165789165,307.3868023868024,1424.5,-17.912307485495248,13.016403780677845,134.80547965519088,22.142211426065227
137,4.566548969072165,891.2060862413347,310.21654329690983,1418.5,-18.302052109729413,12.551610200529248,135.11177846246528,22.19252193990761
138,4.599881443298969,890.4444055127306,311.63851903760803,1427.0,-18.427160493862242,12.318046345604284,134.9452207473785,22.165164326912002
139,4.633213917525773,888.679706601467,313.77541040866225,1431.5,-18.71701767545819,11.967055416649156,135.25286837192363,22.215696388107354
140,4.666546391752577,887.9080216419665,315.81592566454947,1417.0,-18.843769285046182,11.631894558726074,134.8207506245952,22.144719729393078
141,4.6998788659793815,887.1469740634005,316.9101825168107,1388.0,-18.96877367235302,11.452159531343185,134.90014256619347,22.157760098084996
142,4.733211340206186,885.1151262450775,319.38441047023395,1439.0,-19.302510877205332,11.04576003926684,135.39784085234086,22.239508560435738
143,4.76654381443299,884.6265060240963,321.0875502008032,1452.5,-19.382768239648527,10.766014140963186,134.98699962630906,22.172026635275063
144,4.799876288659793,883.1233262861169,324.13589382194033,1419.0,-19.629670098941272,10.265314398407012,134.86363451389923,22.151763539082197
145,4.833208762886597,882.5988461085599,325.4150476863299,1415.5,-19.7158175686877,10.055209472522485,134.74266102924733,22.131893275047222
146,4.866541237113402,881.2407472270869,327.69877408056044,1427.5,-19.938889454548683,9.68010044290678,134.9409835275024,22.164468350616414
147,4.899873711340206,880.7023599859106,329.0098626276858,1419.5,-20.027321201935468,9.464750147926216,134.86012504951967,22.151187098847846
148,4.93320618556701,879.1737501463529,331.9638215665613,1423.5,-20.27840003301878,8.979553377470017,135.02092365164575,22.17759875996428
149,4.966538659793814,878.2395035954534,334.0951055439573,1437.0,-20.431852880091473,8.629483480035622,135.03227596475858,22.179463412037492
150,4.999871134020618,877.5112233445566,336.1575757575758,1485.0,-20.55147513383094,8.290716453304123,134.9183825284678,22.16075606755237
151,5.0332036082474225,876.6076726935559,338.09075104311546,1438.0,-20.699886085669032,7.973186513085441,135.049896049865,22.182357564788326
152,5.066536082474227,875.8676236044656,340.16769195716563,1463.0,-20.821441406997334,7.632042629647071,135.01194799093025,22.17612448030028
153,5.099868556701031,875.2069204152249,342.6814302191465,1445.0,-20.929963922131464,7.219153448814529,134.7920114905241,22.139999238917227
154,5.133201030927835,874.32631700023,344.33160800552105,1449.0,-21.07460572042635,6.948106711471496,135.09904369458502,22.19043021541994
155,5.166533505154639,874.1287186694775,346.95432185523543,1423.0,-21.10706184927327,6.517317957787408,134.48972900987752,22.090348418980295
156,5.1998659793814435,873.1789410348977,349.69651022864014,1385.0,-21.263065724237453,6.066905148980739,134.61944913031752,22.111655344636016
157,5.233198453608248,872.8045610303674,351.2832328961361,1410.5,-21.324558782495945,5.806281108562713,134.55395871022282,22.100898343275034
158,5.266530927835051,872.2079990698755,354.0029066387629,1433.5,-21.422545905065036,5.35956639657035,134.4438238650653,22.082808358853836
159,5.299863402061855,871.9987268518518,356.1358796296296,1440.0,-21.456919505522055,5.009219073518946,134.14591256787918,22.033875519140043
160,5.333195876288659,871.1276096645554,359.57682383298146,1421.0,-21.60000316196786,4.444033487214948,134.2588617243149,22.052427762777263
161,5.3665283505154635,870.4495988838507,361.8187420067434,1433.5,-21.711368501818388,4.075791585399475,134.4913972243122,22.090622428292168
162,5.399860824742268,870.4011079679395,363.9330504479019,1414.0,-21.719333282738983,3.7285099715971852,134.16519128745878,22.037042107664835
163,5.433193298969072,869.7865194386933,366.7073844030366,1449.0,-21.82028132423858,3.2728171528910672,134.33151089818682,22.064360611292884
164,5.466525773195876,869.4980432780847,369.4502762430939,1448.0,-21.867664413975838,2.8222887975399003,134.23822210867738,22.049037642921842
165,5.49985824742268,869.0969275362319,370.51849275362315,1437.5,-21.93354889868035,2.646830975755124,134.50389263827196,22.092674838167945
166,5.5331907216494844,868.8117497691596,374.0904893813481,1444.0,-21.980390217213383,2.0601196288085353,134.4067680925671,22.07672183513603
167,5.566523195876289,868.848026868178,376.5973371716445,1389.5,-21.974431592990964,1.6483622289781685,134.159875341253,22.036168947277595
168,5.599855670103093,868.5710843373494,379.8624211130235,1452.5,-22.01992024883909,1.1120622273848653,134.23180344719472,22.04798335818516
169,5.633188144329897,868.6320018365471,382.09641873278235,1452.0,-22.00991436369084,0.7451213007359541,134.07679885338663,22.022523380616825
170,5.666520618556701,868.6555396027757,385.52715960756154,1393.0,-22.006048213756415,0.181611642288033,133.98105769883648,22.00679760380384
171,5.699853092783505,868.725041108762,387.1681935635424,1419.0,-21.994632379296903,-0.08793319300814045,133.90806392902945,21.994808154354256
172,5.733185567010309,868.9525856921056,390.09960587603007,1395.5,-21.957257487073402,-0.5694266112734537,133.7243941558099,21.964639833588606
173,5.766518041237113,869.0994314885717,392.31326139923425,1436.5,-21.933137616867104,-0.9330262864842576,133.65337010408126,21.952973916344487
174,5.799850515463917,868.8665731978034,392.4203762121743,1426.5,-21.971385301751212,-0.9506202213973511,133.8906057142637,21.991940589300864
175,5.833182989690721,868.8295032497678,392.36525069637884,1436.0,-21.9774741538443,-0.9415656871986234,133.92527015952925,21.99763433022297
176,5.866515463917525,869.1214985994397,392.3656629318394,1428.0,-21.9295130265637,-0.9416333981310576,133.6335606834419,21.949720158551063
177,5.89984793814433,869.0393991912189,392.27244367417677,1442.5,-21.942998104910895,-0.9263218505780506,133.71162037916716,21.962541701792656
178,5.933180412371134,868.9948932219127,392.5045264623955,1436.0,-21.95030834619056,-0.9644421568017624,133.76607311369264,21.97148572961463
179,5.966512886597938,868.982923976608,392.6341520467836,1425.0,-21.952274331258995,-0.9857335546224539,133.78378292953016,21.974394620911884
180,5.999845360824742,869.1826036193811,392.3645067133683,1427.5,-21.919476340561054,-0.9414434857186945,133.57246232417376,21.939684566584315
181,6.033177835051546,869.0708798882681,392.2675744878957,1432.0,-21.937827304349323,-0.9255220718718382,133.67996237295566,21.95734177766008
182,6.0665103092783506,868.9463026166097,392.3229806598407,1465.0,-21.958289501397974,-0.9346227046996277,133.80677372955608,21.97817092997833
183,6.099842783505155,869.3716968011126,392.36474269819195,1438.0,-21.888417208396422,-0.941482246946143,133.38355370015984,21.90865574858803
184,6.133175257731959,869.3690972222222,392.3704861111111,1440.0,-21.888844197162445,-0.9424256200455808,133.38639780840202,21.909122902046317
185,6.166507731958762,869.0793540945789,392.42975778546713,1445.0,-21.936435390101614,-0.9521611734409221,133.6784305145139,21.95709016523617
186,6.199840206185566,869.4245131729667,392.309049255441,1455.0,-21.879741958136997,-0.9323344290118011,133.3284034827595,21.899597157075316
187,6.233172680412371,869.1765385059462,392.2234153100104,1443.5,-21.920472553951956,-0.9182687921413872,133.5725421987691,21.939697686230357
188,6.266505154639175,869.194136657433,392.1827100646352,1444.0,-21.91758200386508,-0.9115828313662558,133.55326175208427,21.93653081402326
189,6.299837628865979,869.2243433992826,392.3796135601064,1440.5,-21.91262045433284,-0.9439248313977544,133.53141030021044,21.9329416463678
190,6.333170103092783,869.3661316585251,392.41567806466617,1433.0,-21.889331300049854,-0.9498485363315676,133.39131216686056,21.909930100420528
191,6.366502577319587,869.6463798530955,392.38300104931795,1429.5,-21.84329967884408,-0.9444812368385233,133.10991240026584,21.863709329995444
192,6.3998350515463915,869.6249267206002,390.5042795169421,1421.5,-21.846823421326036,-0.6358954917562747,133.06343921253475,21.856075967086035
193,6.433167525773196,869.3879400487975,385.9663064947136,1434.5,-21.88574920539384,0.10948042590654336,133.2457619554067,21.886023034006286
194,6.4665,869.5160200396131,381.52510777117556,1430.5,-21.8647116760342,0.8389608696784266,133.21397206950508,21.880801448232145
195,6.499832474226804,869.7689955304633,379.0645730416373,1417.0,-21.823159679643958,1.243111207943364,133.07842017723456,21.858536636256147
196,6.533164948453608,869.7960426179603,375.7663037115091,1423.5,-21.8187171129816,1.7848620109122415,133.27971521823332,21.89159996104245
197,6.5664974226804125,870.2035470988959,373.8556495184402,1419.0,-21.751783258385895,2.0986927929638455,133.04345536785914,21.852793559612355
198,6.599829896907217,870.2594405594406,371.0158508158508,1430.0,-21.742602586918533,2.56513839622148,133.29063782229173,21.893394032092107
199,6.63316237113402,870.7530206112295,368.79637526652454,1407.0,-21.661530557128987,2.929694028484104,133.07972775199232,21.8587514094005
200,6.666494845360824,870.9264531435349,366.5935943060498,1405.0,-21.633043734425005,3.291507523580144,133.22136350992088,21.88201551487727
201,6.699827319587628,871.6467608951707,363.3796230859835,1415.0,-21.514730988019227,3.819412104714554,133.03328220768947,21.85112258700854
202,6.7331597938144325,871.8486140724947,361.94847192608387,1407.0,-21.481575987638212,4.0544830502444436,133.09252896812143,21.860854048215824
203,6.766492268041237,872.1930986406413,359.5363076565586,1434.5,-21.424993346039148,4.450688392837664,133.22363995116578,21.88238942729888
204,6.799824742268041,872.8643870667596,357.0975808327518,1433.0,-21.31473217344438,4.8512567160339195,133.0863405854044,21.859837587469155
205,6.833157216494845,873.1771863982713,354.0942795405436,1465.5,-21.263353928658052,5.344558118605566,133.48151864280658,21.924746789382326
206,6.866489690721649,874.1767974991317,352.1855968507583,1439.5,-21.099164754777973,5.658065075226296,132.9938370160544,21.844643593905598
207,6.8998221649484535,874.6157068062827,349.8635253054101,1432.5,-21.027072561636693,6.039472412932912,133.19220276399665,21.877225773367893
208,6.933154639175258,875.550487465181,346.80663881151344,1436.0,-20.873531985695223,6.54157534841056,133.17599680415705,21.874563895007693
209,6.966487113402062,876.192027729636,344.52536106296935,1442.5,-20.768157039437618,6.916282180499608,133.2670826883194,21.889525029452756
210,6.999819587628866,877.0179048947796,342.87141030112775,1433.5,-20.632504194691677,7.18794864057728,133.01869238630962,21.848726164322404
211,7.03315206185567,878.1418289085545,340.1603539823009,1412.5,-20.447896245493382,7.633247914412276,132.88153931636626,21.826198354027248
212,7.066484536082474,878.5924364828473,338.42629668657065,1423.5,-20.373882576273868,7.918072117146315,133.07777029211715,21.858429890642324
213,7.099817010309278,879.8067117277362,335.60749436736626,1405.5,-20.17443416163569,8.381069000357238,133.00242881457152,21.846054823032055
214,7.133149484536082,880.6524076671341,332.7185600748013,1426.0,-20.035526022736526,8.85558527421792,133.36333532978458,21.90533481955247
215,7.166481958762886,881.5434960777426,330.60344221988055,1423.5,-19.889162031914505,9.202999836700785,133.4231157898856,21.915153942559115
216,7.19981443298969,882.4679888656924,328.67861285084666,1437.0,-19.737311270172352,9.519158934663738,133.4094846229305,21.912914981787818
217,7.2331469072164944,882.7311940472038,327.6034182071852,1433.5,-19.694079015872546,9.695762936111004,133.64387176905132,21.95141378582927
218,7.266479381443299,884.3624439074905,324.6925555172017,1448.5,-19.42614124815275,10.173881016167684,133.50765967442206,21.929040533601075
219,7.299811855670103,885.4239594142741,323.0775971405511,1445.5,-19.25178408668298,10.439142857982697,133.33042434340078,21.899929089602807
220,7.333144329896907,886.5323976608186,320.780350877193,1425.0,-19.069719722011,10.81647256736188,133.47537712901988,21.92373802700049
221,7.366476804123711,887.7185055458259,318.95341506129597,1427.5,-18.874897882193125,11.11655235047539,133.36275343419018,21.90523924142529
222,7.399809278350515,889.1286695075756,316.9197443181818,1408.0,-18.64327414800705,11.45058897628775,133.2025896384376,21.87893184919297
223,7.43314175257732,890.4819262922406,314.63369833980926,1415.5,-18.42099759132366,11.826079004677574,133.2723658127891,21.890392798769685
224,7.466474226804124,891.4926264044943,312.90472846441946,1424.0,-18.254987013481333,12.110067583095159,133.3709218147064,21.90658092285294
225,7.499806701030928,893.1621460861288,310.3357125862479,1401.0,-17.980763310815217,12.532036281080524,133.4350345717375,21.917111638851438
226,7.533139175257731,893.8058413148871,309.4816128650822,1409.5,-17.875034405094393,12.672324766781308,133.39959709103834,21.91129092450025
227,7.566471649484535,895.7732769754607,307.1671950217212,1419.5,-17.55187709372226,13.05247496057933,133.16750027638042,21.873168314391098
228,7.59980412371134,896.7336167198016,305.57976148305585,1411.5,-17.3941383599969,13.313215763756334,133.35695245515583,21.904286412915756
229,7.633136597938144,898.4008790191996,303.0545917187138,1441.0,-17.1202854392521,13.727982603737793,133.6018626671738,21.94451366264459
230,7.666469072164948,899.1412133891214,301.69153881915383,1434.0,-16.998683259676604,13.951868202187992,133.88567904672817,21.99113136912319
231,7.699801546391752,900.7171964140178,299.85399930143205,1431.5,-16.739823238330256,14.253689675686076,133.85515220958843,21.986117242962695
232,7.733134020618556,902.6691288544963,297.84746160159455,1421.5,-16.419212378170723,14.583269616336967,133.69901377844977,21.960471029152625
233,7.766466494845361,904.5506648326455,295.88915635029804,1454.0,-16.110164351781222,14.904927230121595,133.6202513313353,21.94753405685073
234,7.799798969072165,906.1184375355881,294.34950461223093,1463.5,-15.852652900871643,15.157819726732196,133.5330998693839,21.933219163260688
235,7.833131443298969,906.7001506198585,293.6864789711505,1438.5,-15.757104751536989,15.266723711668538,133.57377267412517,21.939899795562695
236,7.866463917525773,908.4034478768945,291.998264491496,1440.5,-15.477332979030448,15.5440180919613,133.546732628894,21.935458385614005
237,7.899796391752577,910.0618721461186,290.5567351598173,1460.0,-15.204931731713163,15.78079368387749,133.41609070876444,21.914000051546168
238,7.9331288659793815,911.9439871970735,288.8702560585277,1458.0,-14.895788590848131,16.057803022977883,133.34858502061263,21.902912036256712
239,7.966461340206186,913.4651613638955,287.4599156118143,1461.5,-14.64593109170348,16.28945574535782,133.36416529331728,21.905471143595555
240,7.999793814432989,915.2924137931035,285.57114942528733,1450.0,-14.345799303887416,16.599691355538177,133.5727331437392,21.939729049524416
241,8.033126288659794,917.2016374269006,283.8693567251462,1425.0,-14.032203495561923,16.87921599998321,133.63639712019486,21.95018605194383
242,8.066458762886597,918.9621666079191,282.8464340265538,1418.5,-13.743031204883682,17.04723417493194,133.31265977502323,21.897011205033763
243,8.099791237113402,921.0523909985935,280.9198312236287,1422.0,-13.399705469871925,17.363684564823604,133.53081614837336,21.93284405511536
244,8.133123711340206,922.2077982182112,280.0392224921902,1440.5,-13.20992630803507,17.50832723636058,133.52998719282633,21.932707896636995
245,8.16645618556701,922.949167791273,279.4997750787224,1482.0,-13.088154093184654,17.596933120281623,133.5172395322293,21.93061405448125
246,8.199788659793814,925.3885648942252,277.19165237278446,1457.5,-12.687475674593246,17.976049318546725,133.9549459984892,22.0025086773354
247,8.233121134020617,926.9866066274101,275.9832582842628,1443.5,-12.424992443092846,18.174531735303766,134.0356710207819,22.01576800859961
248,8.266453608247422,928.3734663456025,275.46038298360276,1453.5,-12.197196502029792,18.260415599122176,133.6923728493778,21.959380236286094
249,8.299786082474226,930.4334812791624,273.68237168544437,1464.5,-11.858832762540828,18.552459380891694,134.05386901709483,22.018757085029755
250,8.33311855670103,932.4473744292236,272.70616438356166,1460.0,-11.528044666743693,18.712804409367124,133.8102176465571,21.978736603855722
251,8.366451030927834,934.0780043783845,271.5617006567577,1446.5,-11.26020872131812,18.900786069112513,133.94410243987602,22.00072758974135
252,8.39978350515464,935.913289458492,270.89724050340607,1443.5,-10.958757546078166,19.009925677067173,133.58937216039232,21.942462058787818
253,8.433115979381443,938.6984671699839,269.0376344086021,1457.0,-10.501283607297939,19.315371653192692,133.85116300159322,21.985462003375417
254,8.466448453608248,940.25746097337,268.09228650137743,1452.0,-10.245214117431535,19.470647931920364,133.94943327786507,22.00160319614944
255,8.499780927835051,942.3560817084493,267.5904131847725,1436.0,-9.900509257227725,19.55308215576491,133.43271823670037,21.916731173752712
256,8.533113402061856,943.8929600184352,266.538080424012,1446.5,-9.64807230464327,19.725931023176933,133.69005415434094,21.95899938355021
257,8.56644587628866,945.8471493529206,265.54692783024365,1429.5,-9.327090742755622,19.88873086145388,133.7397537758741,21.967162698057884
258,8.599778350515464,946.2692441657958,265.1627771972599,1435.5,-9.257760381612778,19.95182877525337,133.90944972385358,21.99503577538322
259,8.633110824742268,948.7938489998843,264.1129610359579,1441.5,-8.843086333149495,20.124264283524305,133.82702042000003,21.981496510671597
260,8.666443298969073,949.5522797394583,263.70574791452407,1458.5,-8.718511769633018,20.191150281432687,133.8974636426414,21.99306702496559
261,8.699775773195876,951.5537377868666,262.7500568052715,1467.0,-8.38976617739546,20.34812546265831,133.99976419604448,22.009870203057815
262,8.73310824742268,953.2754606081156,261.9380580987905,1474.5,-8.106967949736694,20.481498728215335,134.10764504086683,22.027589961045315
263,8.766440721649484,955.1940484272459,261.1774157049106,1473.0,-7.791834045393066,20.60643656270098,134.1246675571524,22.030385961293696
264,8.799773195876288,956.844702137335,260.3613005911778,1466.0,-7.520709136127512,20.74048596071136,134.3167223785326,22.061931551808804
265,8.833105670103093,958.7316017316017,259.6835269993165,1463.0,-7.210780119422291,20.851812341570525,134.32563608727438,22.063395655672057
266,8.866438144329896,960.612265758092,259.2013628620102,1467.5,-6.901875313753734,20.931009272567763,134.18063486370534,22.039578762193276
267,8.899770618556701,962.6670081967213,258.3507513661202,1464.0,-6.564377597647448,21.07072480662182,134.3633061313747,22.069583075375117
268,8.933103092783504,965.1931870141746,257.8190443529949,1458.0,-6.149445017613095,21.158059306164834,134.14418247785835,22.03359134657432
269,8.96643556701031,966.1917145108634,257.4284588539908,1480.5,-5.985433829025082,21.222214166345786,134.2448117109426,22.050120005203727
270,8.999768041237113,969.4233445566778,256.7645342312009,1485.0,-5.454628731871228,21.33126581177137,134.04698569417096,22.017626478233325
271,9.033100515463918,970.1607508532423,256.60204778157,1465.0,-5.333507497280405,21.357954706991364,134.02384724089376,22.013825916669756
272,9.066432989690721,972.1259005145797,256.2077758719268,1457.5,-5.010725668259133,21.422715071369787,133.945220168213,22.00091118003173
273,9.099765463917526,974.1949664047374,255.5166837490035,1463.5,-4.670875281527705,21.53622906160072,134.1645024395702,22.036928962296948
274,9.13309793814433,975.4278489548213,255.5708024275118,1483.0,-4.468370560226393,21.527339903499023,133.8556156672586,21.98619336729938
275,9.166430412371133,977.1514330850823,255.177048070413,1477.0,-4.185266606882165,21.592015258292587,133.90252694423822,21.9938986877048
276,9.199762886597938,979.147025431426,254.64180290644865,1468.0,-3.857484473945131,21.67993090990847,134.06408902422578,22.020435752389925
277,9.233095360824741,981.8736338797814,254.07354280510015,1464.0,-3.4096307153738423,21.773269365743054,134.1748072878291,22.0386215650713
278,9.266427835051546,983.0229258880943,254.00397230734308,1468.5,-3.22085599565591,21.784696532311457,134.0706311125881,22.02151031036826
279,9.29976030927835,985.3849287169043,253.64120841819417,1473.0,-2.832889822780379,21.844281608169073,134.10532118057165,22.027208259899993
280,9.333092783505155,987.4092331768387,253.53632908562483,1491.0,-2.500391637563844,21.861508358609154,133.96423155724474,22.004033858698207
281,9.366425257731958,989.1961898395722,253.29188948306592,1496.0,-2.2068785523638472,21.901658309298153,134.01616113330468,22.012563450042165
282,9.399757731958763,990.1990505256019,253.38634565389395,1474.5,-2.042155624202785,21.886143594982972,133.82528828049882,21.981212001472468
283,9.433090206185566,993.0705816554809,253.19194630872482,1490.0,-1.5704978729233945,21.918074280685314,133.783010600498,21.974267763511396
284,9.466422680412371,995.0327999092043,253.12280104414936,1468.5,-1.2481975365486326,21.929431601405938,133.72613545137418,21.96492584669904
285,9.499755154639175,996.5581368469717,253.1190476190476,1442.0,-0.9976562895724586,21.93004811293342,133.65188147522164,21.95272940451137
286,9.53308762886598,998.1082339579783,252.73242475865985,1467.5,-0.7430481085798726,21.993552097628644,133.97681294314515,22.0061003897276
287,9.566420103092783,999.9731109598366,252.82108009984114,1469.0,-0.43673636988518244,21.97899018728563,133.83817614375445,21.983328872342746
288,9.599752577319586,1002.1342403628117,252.55861678004533,1470.0,-0.08176427021861946,22.022100588534677,134.07514893413614,22.022252376344788
289,9.633085051546391,1003.8102355072463,252.6370018115942,1472.0,0.19352304697389766,22.00922560789121,134.00101954291972,22.01007639761308
290,9.666417525773195,1005.5642745361055,252.49239883746924,1491.0,0.4816293103536389,22.03297708768344,134.17248754912106,22.038240540909236
291,9.69975,1007.8487013723487,252.516955880685,1469.5,0.856853389707506,22.028943518393284,134.21730295574307,22.045601608212344
292,9.733082474226803,1009.7556844020008,252.57730786721237,1466.0,1.1700811719644235,22.019030520426952,134.2446740396114,22.05009739226744
293,9.766414948453608,1010.2074841681059,252.83937823834196,1447.5,1.2442906623273773,21.97598466219551,134.00775451935334,22.01118263804577
294,9.799747422680412,1013.8412698412698,253.17210884353742,1470.0,1.8411510485520601,21.921332644881343,133.93063181113243,21.998514997861214
295,9.833079896907217,1015.2588604755495,253.28802153432034,1486.0,2.0739946363655335,21.902293631683627,133.9413220927732,22.000270909244783
296,9.86641237113402,1017.7173839376483,253.6657630181859,1475.5,2.4778146178156537,21.840248440185917,133.82007227509752,21.980355256667355
297,9.899744845360825,1018.0917317045582,253.68465105757267,1473.5,2.5393023809466304,21.837146022075057,133.84402711867327,21.984289912828878
298,9.933077319587628,1021.0636842695368,254.01681802892702,1486.5,3.027454659402308,21.78258658333936,133.89075923263562,21.99196580516195
299,9.966409793814433,1023.2315188172043,254.05667562724014,1488.0,3.3835280995470325,21.77603985118098,134.1669800038073,22.0373359097838
300,9.999742268041237,1024.212212885154,254.46173669467785,1487.5,3.544610093041454,21.709507334708988,133.9212643885606,21.996976370116755
301,10.033074742268042,1027.15898976413,254.7027147307521,1498.0,4.028627188241287,21.669925956878934,134.19064755923327,22.041223377989986
302,10.066407216494845,1028.4232732221844,255.1866848134286,1469.5,4.236289604504505,21.59043239384334,133.95252931503796,22.00211172970342
303,10.099739690721648,1031.2942234209934,255.7525286581254,1483.0,4.707851936082796,21.49749081553761,133.98200389743843,22.00695301981177
304,10.133072164948453,1031.808206857785,255.88499156829678,1482.5,4.792275284125082,21.4757333782982,133.96361184974586,22.003932069850325
305,10.166404639175257,1035.0864493996569,257.0,1457.5,5.33073662600609,21.292589840663325,133.63368828131797,21.9497411168916
306,10.199737113402062,1036.2617771824068,257.27539629381556,1493.0,5.523787801130006,21.24735515896332,133.65742861512416,21.95364053916885
307,10.233069587628865,1038.862498584211,257.7968059802922,1471.5,5.950964228129363,21.161712026747217,133.8333686899745,21.982539233388238
308,10.26640206185567,1040.8427253528953,258.2805379570968,1499.5,6.276222518043951,21.08225757332773,133.91926940247853,21.996648687564576
309,10.299734536082473,1042.3605257194652,259.09245411284843,1471.0,6.525525860201195,20.948897866979927,133.58481734521635,21.941713916495004
310,10.333067010309279,1045.698330454807,259.6611398963731,1447.5,7.073770474128629,20.855489491548838,134.07654100692142,22.02248102854803
311,10.366399484536082,1045.9090808047126,259.92597532510837,1499.5,7.108386862258116,20.811989464167393,133.8937364684978,21.992454825238095
312,10.399731958762887,1047.3649817850637,260.9005009107468,1464.0,7.347523041327436,20.65192066271726,133.45283074665136,21.920034714890527
313,10.43306443298969,1049.340401660496,261.55435880175025,1485.5,7.671991784355914,20.54452250870875,133.5151616358715,21.93027275366326
314,10.466396907216495,1050.9465761177137,261.9015280135823,1472.5,7.935810840597758,20.48749890619149,133.76171157774735,21.970769334025295
315,10.499729381443299,1052.9493756328045,262.544493193835,1481.5,8.264776772995999,20.381889913165626,133.9020275827161,21.993816666050865
316,10.533061855670102,1055.698321505013,263.7237805564943,1479.5,8.71629952160338,20.18818836495795,133.87556932785637,21.98947081694616
317,10.566394329896907,1057.7166221628838,264.6574321317312,1498.0,9.04781156400887,20.034833244453562,133.83688681048395,21.983117095418343
318,10.59972680412371,1058.7813016187645,265.34731857724915,1513.5,9.222688413773408,19.921517290415878,133.6522287514146,21.952786445685867
319,10.633059278350515,1060.0871262829094,266.012271307452,1494.0,9.437174099910377,19.812296775210182,133.60542468702926,21.945098735276243
320,10.666391752577319,1063.5439298011772,267.6432300344329,1500.5,10.004964627088,19.544406827024332,133.67418076545198,21.956392130983577
321,10.699724226804124,1065.1565759637188,268.8823129251701,1470.0,10.2698466806793,19.34088368084883,133.32106075481767,21.898391091602694
322,10.733056701030927,1067.174810352521,269.5238732708612,1494.0,10.601347838188033,19.23550543618691,133.71716542248336,21.963452492079433
323,10.766389175257732,1069.315339631129,270.4785200179937,1482.0,10.95293630456086,19.07870179462664,133.93464657984921,21.99917443587502
324,10.799721649484535,1071.5014024458656,271.70212049814876,1485.5,11.31200379319978,18.8777216816377,133.98529934892176,22.007494307774802
325,10.83305412371134,1073.5055018339447,272.80871401578304,1499.5,11.641183233703236,18.695960319318864,134.08572011230868,22.023988724620228
326,10.866386597938144,1073.5333107879608,273.0712433772968,1478.5,11.645750939266373,18.652839070516094,133.87765876323368,21.98981401308332
327,10.899719072164949,1076.4619626378571,275.10600945307226,1481.0,12.12679094312682,18.318622532971435,133.75011222812444,21.968864105451413
328,10.933051546391752,1077.3382011284434,275.5583582254674,1506.5,12.270715789266934,18.244322866649913,133.86019621984096,21.986945737039736
329,10.966384020618555,1080.143033569103,277.54249466711576,1484.5,12.731418077294279,17.918422401019637,133.82323681334307,21.98087504173157
330,10.99971649484536,1081.5736842105264,278.60570175438596,1520.0,12.966406811136995,17.743787392292663,133.79703637110342,21.97657153913649
331,11.033048969072164,1083.3968516072214,280.1215323645971,1514.0,13.2658676198963,17.494807588628547,133.6697969453601,21.95567207515516
332,11.066381443298969,1085.5750083528233,281.91090321862123,1496.5,13.623636512552512,17.20089796514155,133.58974970483143,21.942524071614113
333,11.099713917525772,1087.462397699624,283.6134704711347,1507.0,13.933645972606064,16.921246098105623,133.45104451886274,21.919741321525127
334,11.133046391752577,1089.5383929566476,285.5911066532932,1495.5,14.274634528991907,16.59641331993373,133.27470605635222,21.890777190916765
335,11.16637886597938,1090.9603333333334,286.64366666666666,1500.0,14.508192575269916,16.423527125586514,133.41560407498062,21.91392012046209
336,11.199711340206186,1093.170397594387,288.70475554070606,1496.5,14.871202374712835,16.084986988096382,133.36830643506553,21.90615133876544
337,11.233043814432989,1095.0405480057452,290.2006408131698,1508.5,15.178380287011027,15.839283267025474,133.56085746119925,21.937778432425606
338,11.266376288659794,1096.0062726972599,291.0989325409926,1514.5,15.337003514743191,15.691736109368279,133.58696069261268,21.942065967845814
339,11.299708762886597,1097.6653351087439,292.8387705281846,1502.0,15.609509578874109,15.405962410420413,133.5239900526607,21.931722848063014
340,11.333041237113402,1099.4749419183538,294.7198805177564,1506.5,15.906743019821162,15.096984353954756,133.51607040908465,21.930422022436872
341,11.366373711340206,1100.910265049416,295.6627358490566,1484.0,16.14249922434632,14.942117488429394,133.91852248465008,21.996526004031846
342,11.39970618556701,1102.9702639492148,298.2630582470208,1496.5,16.480860330241097,14.515006599028402,133.70481973898663,21.96142467588915
343,11.433038659793814,1103.7505874454514,299.6035582410205,1489.5,16.60903084585064,14.294825384142325,133.41310967711453,21.913510408000306
344,11.466371134020617,1105.6773037733735,301.7912887694547,1488.5,16.92549988256951,13.935483968439108,133.47814999750202,21.924193479110784
345,11.499703608247422,1105.74339329336,302.2226293582056,1501.0,16.93635528791602,13.86463496039288,133.25552957869186,21.887627395939226
346,11.533036082474226,1108.4868097473732,305.1881287726358,1491.0,17.386969812710426,13.377542631608174,133.5607525001886,21.937761192259295
347,11.56636855670103,1110.021174863388,306.8337887067395,1464.0,17.6389939655155,13.107237965287995,133.7920633955915,21.975754712732375
348,11.599701030927834,1110.8129916835244,308.3789615643965,1483.0,17.769052294650326,12.853438607935674,133.5169994949686,21.930574627628644
349,11.63303350515464,1112.1278246205734,310.3180438448567,1482.5,17.9850176171028,12.534938425774623,133.4663865018568,21.922261289051804
350,11.666365979381442,1113.9410460992908,312.8652482269503,1504.0,18.282844778481827,12.116552332583304,133.534092310357,21.933382174719203
351,11.699698453608248,1115.0917874396134,315.2022244691608,1483.5,18.471857555405364,11.73269685293164,133.22735833116494,21.883000182561307
352,11.73303092783505,1116.4385784481772,317.10661638669865,1458.5,18.693072088632192,11.419894668746918,133.36350831370748,21.90536323268971
353,11.766363402061856,1116.644332774986,318.1082077051926,1492.5,18.726867864721424,11.255380238077398,133.0204101636032,21.849008314485104
354,11.79969587628866,1117.157561625583,319.6127026426826,1501.0,18.81116726967842,11.008262353251377,132.69436800621204,21.795454895134263
355,11.833028350515464,1117.0911335578003,319.4003367003367,1485.0,18.80025625682322,11.04314410736958,132.7444725161,21.803684713789828
356,11.866360824742268,1117.0480339588917,319.48078641644327,1492.0,18.793177016173257,11.02992999598661,132.6665721233365,21.790889336545852
357,11.899693298969071,1117.0247823174816,319.1519312346506,1493.0,18.78935786311344,11.083945463180047,132.81330478681477,21.81499062431365
358,11.933025773195876,1116.9183923402359,318.8425740369628,1497.0,18.771882984675155,11.134758326981274,132.8792379424474,21.825820346337853
359,11.96635824742268,1117.4917959091931,319.73319847156665,1483.0,18.866066270761056,10.988470545633959,132.9222590567284,21.83288669564822
360,11.999690721649484,1117.6551226551226,320.5887445887446,1501.5,18.892893187212458,10.847944484974127,132.63534019895826,21.785759397654687
361,12.033023195876288,1117.604615214751,320.52103345478633,1509.5,18.884597185995318,10.859066245364263,132.6252819163815,21.784107294046084
362,12.066355670103093,1117.555740064209,320.5523082032547,1505.5,18.87656929336402,10.8539292724856,132.5673221635158,21.77458722775918
363,12.099688144329896,1118.2392143505904,319.96003633060855,1468.0,18.988832030695214,10.95121173503376,133.45517189666162,21.92041925592432
364,12.133020618556701,1118.6221532091097,320.00161030595814,1449.0,19.05173090684089,10.944383082709187,133.766320619523,21.97152638320259
365,12.166353092783504,1118.5394721939065,319.9074640389625,1471.5,19.03815029777193,10.95984689437415,133.74157930003196,21.967462545971856
366,12.19968556701031,1118.4057632398753,319.76279483756116,1498.0,19.01618819402594,10.983609252198635,133.6980154328684,21.960307047844182
367,12.233018041237113,1118.4887135656365,319.86467236467234,1521.0,19.02981303817592,10.96687555746582,133.71895309727844,21.96374612312006
368,12.266350515463918,1118.476735316552,319.9031273836766,1529.5,19.02784557420917,10.960559203239248,133.68937645510408,21.95888806938239
369,12.299682989690721,1118.210455764075,319.8240616621984,1492.0,18.98410834509604,10.973545989280899,133.49825635253762,21.927496009284965
370,12.333015463917524,1118.4405158994884,319.7802979764287,1499.0,19.02189642442384,10.980734308224427,133.71935859595058,21.96381272751444
371,12.36634793814433,1118.1344444444444,319.7091111111111,1500.0,18.971623253879116,10.9924269680974,133.4900457565227,21.926147393832824
372,12.399680412371133,1118.5408410391897,319.7137824746807,1514.0,19.03837513478707,10.991659682375252,133.83950021497733,21.98354635508184
373,12.433012886597938,1117.4560278902384,318.23796671165087,1482.0,18.860191264492666,11.23406692527451,133.6503209130893,21.952473077418688
374,12.466345360824741,1116.656531907785,315.89876378215837,1496.5,18.728871609512364,11.61828814510754,134.18232255249183,22.03985597022686
375,12.499677835051546,1113.448455949137,311.0522252497729,1468.0,18.201935343056796,12.414346889478608,134.13690299452367,22.03239566922143
376,12.53301030927835,1111.8132435465768,308.8691358024691,1485.0,17.93334671567589,12.772925993442737,134.0437624950224,22.017097057936773
377,12.566342783505155,1110.782657280143,307.388982009163,1491.5,17.7640697763219,13.016045771053454,134.07515208638483,22.022252894111258
378,12.599675257731958,1108.6093213771726,305.0393003431861,1505.5,17.407092721779918,13.401988155332537,133.74861205557502,21.968617697532018
379,12.633007731958763,1107.3437182526245,303.35128118297774,1476.5,17.19921354626783,13.679250453810202,133.79220806506325,21.975778475134607
380,12.666340206185566,1106.1250286763018,301.618719889883,1453.0,16.999040064220207,13.963828933545939,133.93356806195555,21.99899728601962
381,12.699672680412371,1105.5507699432674,300.1405580641426,1439.5,16.90471631482489,14.206621524404996,134.4365320031643,22.081610648283654
382,12.733005154639175,1102.6954610396747,297.93197054621385,1516.5,16.4357231137192,14.569388764283026,133.71811313116035,21.963608156121797
383,12.76633762886598,1101.5111185983828,296.5472821203953,1484.0,16.241191253419284,14.79682806394742,133.76277966094088,21.97094476994936
384,12.799670103092783,1100.4382323401405,295.1042294386787,1493.5,16.06496641132173,15.033853870756223,133.95349605256783,22.002270519292942
385,12.833002577319586,1097.8866356382978,292.1992464539007,1504.0,15.645858866207355,15.51100619128951,134.13106596472488,22.031436919263818
386,12.866335051546391,1096.9811043222448,291.26623670513686,1473.0,15.497122584089947,15.664255889837007,134.15116933076047,22.034738958485622
387,12.899667525773195,1094.442088091354,289.6589450788472,1532.5,15.080081419721878,15.928258444508232,133.54034025811083,21.934408419204946
